年度期別,縣市別,社區大學名稱,據點名稱,據點地址
110年春季班 ( 含寒假班 ),臺北市,臺北市松山社區大學,臺北市中崙高級中學,臺北市松山區八德路4段101號
110年春季班 ( 含寒假班 ),臺北市,臺北市南港社區大學,成德校本部,臺北市南港區東新街108巷23號
110年春季班 ( 含寒假班 ),臺北市,臺北市南港社區大學,港工校區,臺北市南港區興中路29號
110年春季班 ( 含寒假班 ),臺北市,臺北市南港社區大學,南軟教學點,臺北市南港區三重路19-10號
110年春季班 ( 含寒假班 ),臺北市,臺北市文山社區大學,景美校本部,臺北市文山區景中街27號
110年春季班 ( 含寒假班 ),臺北市,臺北市文山社區大學,木柵校區,台北市文山區木柵路三段102巷12號
110年春季班 ( 含寒假班 ),臺北市,臺北市北投社區大學,校本部,台北市北投區中山路5-12號
110年春季班 ( 含寒假班 ),臺北市,臺北市萬華社區大學,龍山國中校本部,臺北市萬華區南寧路46號
110年春季班 ( 含寒假班 ),臺北市,臺北市萬華社區大學,萬華國中分校區,臺北市萬華區西藏路201號
110年春季班 ( 含寒假班 ),臺北市,臺北市信義社區大學,校本部,臺北市信義區松仁路158巷1號
110年春季班 ( 含寒假班 ),臺北市,臺北市內湖社區大學,校本部,台北市內湖路一段520號
110年春季班 ( 含寒假班 ),臺北市,臺北市內湖社區大學,臺北市網球中心,台北市內湖區民權東路六段208號
110年春季班 ( 含寒假班 ),臺北市,臺北市內湖社區大學,白石湖社區發展協會,台北內湖區碧山路56號
110年春季班 ( 含寒假班 ),臺北市,臺北市大同社區大學,校本部,臺北市大同區長安西路37-1號
110年春季班 ( 含寒假班 ),臺北市,臺北市士林社區大學,校本部,台北市士林區承德路四段177號
110年春季班 ( 含寒假班 ),臺北市,臺北市大安社區大學,金甌總校區,臺北市大安區杭州南路二段1號
110年春季班 ( 含寒假班 ),臺北市,臺北市大安社區大學,開平教學點,臺北市大安區復興南路二段148巷24號
110年春季班 ( 含寒假班 ),臺北市,臺北市大安社區大學,東方教學點,臺北市大安區信義路四段186巷8號
110年春季班 ( 含寒假班 ),臺北市,臺北市中正社區大學,校本部,臺北市中正區濟南路一段6號 
110年春季班 ( 含寒假班 ),臺北市,臺北市中山社區大學,校本部,臺北市中山區新生北路三段55號
110年春季班 ( 含寒假班 ),基隆市,基隆市基隆社區大學,武崙校本部,基隆市安樂區基金二路3巷1號
110年春季班 ( 含寒假班 ),基隆市,基隆市基隆社區大學,月眉校本部,基隆市月眉路250巷22號
110年春季班 ( 含寒假班 ),基隆市,基隆市基隆社區大學,仁愛國小城區分部,基隆市
110年春季班 ( 含寒假班 ),基隆市,基隆市基隆社區大學,德和里民活動中心,基隆市復興路206號1樓
110年春季班 ( 含寒假班 ),基隆市,基隆市基隆社區大學,劉品麗花藝教室,基隆市中山一路121號9樓
110年春季班 ( 含寒假班 ),基隆市,基隆市基隆社區大學,實踐里民活動中心,基隆市百一街52-1號
110年春季班 ( 含寒假班 ),基隆市,基隆市基隆社區大學,長興國小,基 龍是東新街3號
110年春季班 ( 含寒假班 ),基隆市,基隆市基隆社區大學,七堵國小,基隆市明德一路184號
110年春季班 ( 含寒假班 ),基隆市,基隆市基隆社區大學,黃蠟石文化館,基隆市過港路52號
110年春季班 ( 含寒假班 ),基隆市,基隆市基隆社區大學,暖暖苗圃舊址,基隆市水源路42-1號
110年春季班 ( 含寒假班 ),基隆市,基隆市基隆社區大學,碇祥里民活動中心,基隆市碇內街100號
110年春季班 ( 含寒假班 ),基隆市,基隆市基隆社區大學,劉鳳珠黏土工作室,基隆市安樂路二段樓號之五樓
110年春季班 ( 含寒假班 ),基隆市,基隆市基隆社區大學,永康關懷據點,基隆市崇德路12巷2之4號
110年春季班 ( 含寒假班 ),基隆市,基隆市基隆社區大學,三民里民活動中心,基隆市麥金路439巷2號
110年春季班 ( 含寒假班 ),基隆市,基隆市基隆社區大學,五福里民活動中心,基隆市樂利三街34巷52號
110年春季班 ( 含寒假班 ),基隆市,基隆市基隆社區大學,鶯歌里民活動中心,基隆市案樂區二段164號9樓
110年春季班 ( 含寒假班 ),基隆市,基隆市基隆社區大學,橘郡社區休閒館會議室,基隆市麥金路177號4樓
110年春季班 ( 含寒假班 ),基隆市,基隆市基隆社區大學,中崙里民活動中心,基隆市基金二路3巷3號
110年春季班 ( 含寒假班 ),基隆市,基隆市基隆社區大學,明日之星市民小劇場,基隆市義一路18號12樓
110年春季班 ( 含寒假班 ),基隆市,基隆市基隆社區大學,李麗雲藝術工作室,基隆市中正路34號4樓407室
110年春季班 ( 含寒假班 ),基隆市,基隆市基隆社區大學,港通里民活動中心,基隆市義一路87號7樓之1
110年春季班 ( 含寒假班 ),基隆市,基隆市基隆社區大學,藝術學成工作坊,基隆市義二路49號3樓
110年春季班 ( 含寒假班 ),基隆市,基隆市基隆社區大學,八斗國小,基隆市北寧路396巷52號
110年春季班 ( 含寒假班 ),基隆市,基隆市基隆社區大學,荷塘樂坊,基隆市信一路141巷25號6樓
110年春季班 ( 含寒假班 ),基隆市,基隆市基隆社區大學,姚姚舞蹈教室,基隆市義三路4巷12號5樓
110年春季班 ( 含寒假班 ),基隆市,基隆市基隆社區大學,義昭里民活動中心,基隆市信二路157號1樓
110年春季班 ( 含寒假班 ),基隆市,基隆市基隆社區大學,深美國小,基隆市深美街198號
110年春季班 ( 含寒假班 ),基隆市,基隆市基隆社區大學,朝棟里民活動中心,基隆市成功一路133巷5號
110年春季班 ( 含寒假班 ),基隆市,基隆市基隆社區大學,明德里民活動中心,基隆市自來街13巷5之2號
110年春季班 ( 含寒假班 ),基隆市,基隆市基隆社區大學,和明里民活動中心,基隆市仁二路137巷2弄1之3號
110年春季班 ( 含寒假班 ),基隆市,基隆市基隆社區大學,玄玄宮九天道場,基隆市愛三路118號12樓
110年春季班 ( 含寒假班 ),基隆市,基隆市基隆社區大學,樂筑古箏學院,基隆市忠二路29號樓
110年春季班 ( 含寒假班 ),基隆市,基隆市基隆社區大學,舞度空間,基隆市愛一路34號5樓
110年春季班 ( 含寒假班 ),基隆市,基隆市基隆社區大學,國民運動中心,基隆市獅球路8-1號
110年春季班 ( 含寒假班 ),基隆市,基隆市基隆社區大學,旭石田社區工場,基隆市仁三路11-9號3樓
110年春季班 ( 含寒假班 ),基隆市,基隆市基隆社區大學,成功國小,基隆市獅球路6號
110年春季班 ( 含寒假班 ),基隆市,基隆市基隆社區大學,信義國小,基隆市仁二路135號
110年春季班 ( 含寒假班 ),新北市,新北市永和社區大學,校本部,新北市永和區永利路71號
110年春季班 ( 含寒假班 ),新北市,新北市板橋社區大學,校本部,新北市板橋區成都街30號
110年春季班 ( 含寒假班 ),新北市,新北市板橋社區大學,瑞芳社區大學,新北市瑞芳區中山路2號
110年春季班 ( 含寒假班 ),新北市,新北市蘆荻社區大學,校本部,新北市蘆洲區民族路7號(鷺江國小四維樓)
110年春季班 ( 含寒假班 ),新北市,新北市新莊社區大學,校本部,新北市新莊區中平路135號 ( 新莊高中圖書館1樓)
110年春季班 ( 含寒假班 ),新北市,新北市林口社區大學,校本部,新北市林口區仁愛路二段173號
110年春季班 ( 含寒假班 ),新北市,新北市林口社區大學,五股市民活動中心,新北市五股區工商路127號
110年春季班 ( 含寒假班 ),新北市,新北市林口社區大學,林口國小,新北市林口區林口路76號
110年春季班 ( 含寒假班 ),新北市,新北市林口社區大學,仁愛活動中心,新北市林口區文化一路一段137號
110年春季班 ( 含寒假班 ),新北市,新北市林口社區大學,南勢活動中心,新北市林口區南勢二街154號
110年春季班 ( 含寒假班 ),新北市,新北市林口社區大學,東勢活動中心,新北市林口區麗園一街35號
110年春季班 ( 含寒假班 ),新北市,新北市新店崇光社區大學,校本部,新北市新店區三民路19號
110年春季班 ( 含寒假班 ),新北市,新北市新店崇光社區大學,石碇學習點,新北市石碇區靜安路一段245號
110年春季班 ( 含寒假班 ),新北市,新北市新店崇光社區大學,坪林學習點,新北市坪林區坪林街101號
110年春季班 ( 含寒假班 ),新北市,新北市新店崇光社區大學,深坑學習點,深坑區北深路一段83巷8弄36號
110年春季班 ( 含寒假班 ),新北市,新北市新店崇光社區大學,烏來學習點,新北市烏來區新烏路五段111號
110年春季班 ( 含寒假班 ),新北市,新北市新店崇光社區大學,新店教學點--中華聖母堂,新北市新店區中正路367號
110年春季班 ( 含寒假班 ),新北市,新北市新店崇光社區大學,新店教學點-博蒂高爾夫球場,新北市新店區中興路三段1號
110年春季班 ( 含寒假班 ),新北市,新北市淡水社區大學,校本部,新北市淡水區鼻頭街22號
110年春季班 ( 含寒假班 ),新北市,新北市中和社區大學,校本部,新北市中和區興南路二段3巷17號
110年春季班 ( 含寒假班 ),新北市,新北市樹林社區大學,校本部,新北市樹林區育英街176號
110年春季班 ( 含寒假班 ),新北市,新北市樹林社區大學,區務教室,樹林區文化街112巷2號
110年春季班 ( 含寒假班 ),新北市,新北市樹林社區大學,桃子腳國中小,新北市樹林區學勤路555號
110年春季班 ( 含寒假班 ),新北市,新北市樹林社區大學,北園活動中心,新北市樹林區佳園路3段15號2樓
110年春季班 ( 含寒假班 ),新北市,新北市樹林社區大學,潭底教學農地,238新北市樹林區保安街一段289巷3號對面
110年春季班 ( 含寒假班 ),新北市,新北市樹林社區大學,樹林高中,新北市樹林區中華路8號
110年春季班 ( 含寒假班 ),新北市,新北市樹林社區大學,圳福活動中心,樹林區中正路21-1號2樓
110年春季班 ( 含寒假班 ),新北市,新北市樹林社區大學,樹西活動中心,樹林區復興路225巷2號
110年春季班 ( 含寒假班 ),新北市,新北市樹林社區大學,彭福國小,新北市樹林區忠孝街30號
110年春季班 ( 含寒假班 ),新北市,新北市樹林社區大學,樹林柑園活動中心,新北市樹林區佳園路三段128號
110年春季班 ( 含寒假班 ),新北市,新北市樹林社區大學,北園活動中心,新北市樹林區佳園路三段15號
110年春季班 ( 含寒假班 ),新北市,新北市三重社區大學,二重校區,新北市三重區忠孝路三段89號（地下一樓）
110年春季班 ( 含寒假班 ),新北市,新北市三重社區大學,線上,各班老師所使用雲端系統
110年春季班 ( 含寒假班 ),新北市,新北市三重社區大學,光榮校區,新北市三重區介壽路32號
110年春季班 ( 含寒假班 ),新北市,新北市三重社區大學,三重校區,新北市三重區三和路三段1號
110年春季班 ( 含寒假班 ),新北市,新北市三重社區大學,三和校區,新北市三重區三和路四段216號
110年春季班 ( 含寒假班 ),新北市,新北市三重社區大學,天台校區,新北市三重區重新路二段78號7樓
110年春季班 ( 含寒假班 ),新北市,新北市三重社區大學,碧華校區,新北市三重區五華街160號
110年春季班 ( 含寒假班 ),新北市,新北市三重社區大學,正義校區,新北市三重區信義西街31號
110年春季班 ( 含寒假班 ),新北市,新北市三重社區大學,厚德校區,新北市三重區忠孝路一段70號
110年春季班 ( 含寒假班 ),新北市,新北市三鶯社區大學,校本部,新北市三峽區復興路238號
110年春季班 ( 含寒假班 ),新北市,新北市汐止社區大學,校本部,新北市汐止區大同路二段394號
110年春季班 ( 含寒假班 ),桃園市,桃園市新楊平社區大學,校本部,桃園市楊梅區新農街337號4F(楊明國中內)
110年春季班 ( 含寒假班 ),桃園市,桃園市新楊平社區大學,平鎮辦事處,平鎮區和平路190號
110年春季班 ( 含寒假班 ),桃園市,桃園市桃園社區大學,校本部,桃園市桃園區經國路276號
110年春季班 ( 含寒假班 ),桃園市,桃園市中壢社區大學,校本部,桃園市中壢區中正路487巷18號
110年春季班 ( 含寒假班 ),桃園市,桃園市八德社區大學,校本部,桃園市八德區忠勇街12號
110年春季班 ( 含寒假班 ),桃園市,桃園市蘆山園社區大學,校本部,桃園市龜山區頂興路2號
110年春季班 ( 含寒假班 ),新竹縣,新竹縣竹東社區大學,校本部,新竹縣竹東鎮自強路169號
110年春季班 ( 含寒假班 ),新竹縣,新竹縣竹北社區大學,校本部,新竹縣竹北市中正西路154號
110年春季班 ( 含寒假班 ),新竹縣,新竹縣竹北社區大學,博愛國中,新竹縣竹北市縣政十三路81號
110年春季班 ( 含寒假班 ),新竹縣,新竹縣竹北社區大學,新豐國中,新竹縣新豐鄉重興村成德街36號
110年春季班 ( 含寒假班 ),新竹縣,新竹縣竹北社區大學,湖口鄉中興國小,新竹縣湖口鄉吉祥街43號
110年春季班 ( 含寒假班 ),新竹縣,新竹縣竹北社區大學,勝利一般教室,新竹縣竹北市勝利十一路139號3樓
110年春季班 ( 含寒假班 ),新竹縣,新竹縣竹北社區大學,木木咖啡,新竹縣竹北市莊敬北路423號
110年春季班 ( 含寒假班 ),新竹縣,新竹縣竹北社區大學,新社國小,新竹縣竹北市新社里40號
110年春季班 ( 含寒假班 ),新竹縣,新竹縣竹北社區大學,博愛國小,新竹縣竹北市光明六路72號
110年春季班 ( 含寒假班 ),新竹縣,新竹縣竹北社區大學,新竹縣體育場-第二運動場(教室),新竹縣竹北市十興里27鄰莊敬一路2號
110年春季班 ( 含寒假班 ),新竹縣,新竹縣竹北社區大學,閑坐咖啡,新竹縣竹北市嘉政七街100號
110年春季班 ( 含寒假班 ),新竹縣,新竹縣竹北社區大學,六家國小,新竹縣竹北市復興五街62號
110年春季班 ( 含寒假班 ),新竹市,新竹市竹塹社區大學,校本部,新竹市民族路33號
110年春季班 ( 含寒假班 ),新竹市,新竹市科學城社區大學,校本部,新竹市光復路一段512號
110年春季班 ( 含寒假班 ),新竹市,新竹市竹松社區大學,校本部,新竹市東區南大路521號
110年春季班 ( 含寒假班 ),苗栗縣,苗栗縣社區大學,校本部,苗栗市至公路251號
110年春季班 ( 含寒假班 ),苗栗縣,苗栗縣社區大學,國立竹南高中,苗栗縣竹南鎮中正路98號(警衛室2樓)
110年春季班 ( 含寒假班 ),苗栗縣,苗栗縣社區大學,國立苑裡高中,苗栗縣苑裡鎮育才街100號(國立苑高活動中心)
110年春季班 ( 含寒假班 ),苗栗縣,苗栗縣大明社區大學,校本部,苗栗市經國路二段485號
110年春季班 ( 含寒假班 ),苗栗縣,苗栗縣大明社區大學,三義行動教室,苗栗縣三義鄉雙潭村雙連潭110-7號
110年春季班 ( 含寒假班 ),苗栗縣,苗栗縣大明社區大學,三義行動教室,苗栗縣三義鄉雙湖村106號-2
110年春季班 ( 含寒假班 ),苗栗縣,苗栗縣大明社區大學,通霄行動教室,苗栗縣通霄鎮通東里中正路8號
110年春季班 ( 含寒假班 ),苗栗縣,苗栗縣大明社區大學,苑裡行動教室,苗栗縣苑裡鎮房裡里南房2鄰14號
110年春季班 ( 含寒假班 ),苗栗縣,苗栗縣大明社區大學,造橋行動教室,苗栗縣造橋鄉造橋村14鄰1號
110年春季班 ( 含寒假班 ),苗栗縣,苗栗縣大明社區大學,頭屋行動教室,苗栗縣頭屋鄉獅潭村1鄰7-6號
110年春季班 ( 含寒假班 ),苗栗縣,苗栗縣大明社區大學,銅鑼行動教室,苗栗縣銅鑼鄉竹森村4鄰22-1號
110年春季班 ( 含寒假班 ),苗栗縣,苗栗縣大明社區大學,銅鑼行動教室,苗栗縣銅鑼鄉福興村中山路2-5號
110年春季班 ( 含寒假班 ),苗栗縣,苗栗縣大明社區大學,三灣行動教室,苗栗縣三灣鄉三灣村肚兜角13鄰22號3樓
110年春季班 ( 含寒假班 ),苗栗縣,苗栗縣大明社區大學,頭份行動教室,苗栗縣頭份鎮東興路37巷17號
110年春季班 ( 含寒假班 ),苗栗縣,苗栗縣大明社區大學,西湖行動教室,苗栗縣西湖鄉二湖村2鄰土牛溝16-7號
110年春季班 ( 含寒假班 ),苗栗縣,苗栗縣大明社區大學,公館行動教室,苗栗縣公館鄉館中村宮前路101號
110年春季班 ( 含寒假班 ),苗栗縣,苗栗縣大明社區大學,竹南行動教室,苗栗縣竹南鎮中正路92號
110年春季班 ( 含寒假班 ),臺中市,臺中市文山社區大學,校本部,台中市西屯區天保街60號
110年春季班 ( 含寒假班 ),臺中市,臺中市文山社區大學,中工教室,臺中市西屯區中工三路199號2樓
110年春季班 ( 含寒假班 ),臺中市,臺中市文山社區大學,鹿寮國中,臺中市沙鹿區光華路385號
110年春季班 ( 含寒假班 ),臺中市,臺中市文山社區大學,沙鹿高工,臺中市沙鹿區台灣大道7段823號
110年春季班 ( 含寒假班 ),臺中市,臺中市文山社區大學,重慶國小,臺中市西屯區重慶路358號
110年春季班 ( 含寒假班 ),臺中市,臺中市文山社區大學,中山國中,臺中市西屯區寧夏路179號
110年春季班 ( 含寒假班 ),臺中市,臺中市大屯社區大學,校本部,臺中市大里區國中路365號
110年春季班 ( 含寒假班 ),臺中市,臺中市大屯社區大學,分校,臺中市霧峰區中正路1222號
110年春季班 ( 含寒假班 ),臺中市,臺中市北屯社區大學,校本部,台中市北區北屯路10號5樓
110年春季班 ( 含寒假班 ),臺中市,臺中市北屯社區大學,陳平分部（陳平國小）,台中市北屯區崇德路三段568號
110年春季班 ( 含寒假班 ),臺中市,臺中市北屯社區大學,大德分部（大德國中）,台中市北屯區雷中街2-23號
110年春季班 ( 含寒假班 ),臺中市,臺中市北屯社區大學,文昌分部（文昌國小）,台中市北屯區昌平路一段91號
110年春季班 ( 含寒假班 ),臺中市,臺中市北屯社區大學,東山分部（東山高中）,台中市北屯區景賢六路200號
110年春季班 ( 含寒假班 ),臺中市,臺中市北屯社區大學,松竹分部（松竹國小）,"台中市北屯區昌平路二段12號,"
110年春季班 ( 含寒假班 ),臺中市,臺中市北屯社區大學,仁美分部（仁美國小）,台中市北屯區崇德路三段568號
110年春季班 ( 含寒假班 ),臺中市,臺中市山線社區大學,校本部,臺中市東勢區中泰街88號
110年春季班 ( 含寒假班 ),臺中市,臺中市山線社區大學,東勢區-復興宮,台中市東勢區南平里本街南片巷100之1號
110年春季班 ( 含寒假班 ),臺中市,臺中市山線社區大學,石岡區-樹之王,台中市石岡區明德路105號
110年春季班 ( 含寒假班 ),臺中市,臺中市山線社區大學,東勢區-蜻蜓谷,台中市東勢區東坑路西盛巷60號
110年春季班 ( 含寒假班 ),臺中市,臺中市山線社區大學,東勢區-梨之鄉,臺中市423東勢區東崎街四段242號
110年春季班 ( 含寒假班 ),臺中市,臺中市山線社區大學,石岡區-鵲慈中醫,台中市石岡區石岡街1號
110年春季班 ( 含寒假班 ),臺中市,臺中市山線社區大學,東勢區-中山國小,台中市東勢區中泰街88號
110年春季班 ( 含寒假班 ),臺中市,臺中市山線社區大學,東勢區-文昌廟,台中市東勢區文昌前街1號
110年春季班 ( 含寒假班 ),臺中市,臺中市山線社區大學,東勢區-霞米的店,台中市東勢區第二橫街28號
110年春季班 ( 含寒假班 ),臺中市,臺中市山線社區大學,新社區-詠惠生技,臺中市新社區大南里興中街42－1號
110年春季班 ( 含寒假班 ),臺中市,臺中市山線社區大學,東勢區-泰昌里活動中心,臺中市東勢區泰昌里名流街28巷2號
110年春季班 ( 含寒假班 ),臺中市,臺中市山線社區大學,東勢區-中寧里活動中心,臺中市東勢區中寧里文化街115巷3號
110年春季班 ( 含寒假班 ),臺中市,臺中市山線社區大學,東勢區-北興里活動中心,臺中市東勢區北興里文化街115巷7號
110年春季班 ( 含寒假班 ),臺中市,臺中市山線社區大學,新社區-新社高中,臺中市新社區復盛里中和街三段國中巷10號
110年春季班 ( 含寒假班 ),臺中市,臺中市山線社區大學,新社區-聯合里活動中心,台中市新社區復盛里興社街二段28-1號
110年春季班 ( 含寒假班 ),臺中市,臺中市山線社區大學,石岡區-石岡國小,台中市石岡區石岡街123號
110年春季班 ( 含寒假班 ),臺中市,臺中市山線社區大學,東勢區-新盛國小,台中市東勢區新盛街342號
110年春季班 ( 含寒假班 ),臺中市,臺中市山線社區大學,東勢區-東勢國中,台中市東勢區東崎路五段415號
110年春季班 ( 含寒假班 ),臺中市,臺中市山線社區大學,東勢區-東勢國小,臺中市東勢區廣興里第五橫街1號
110年春季班 ( 含寒假班 ),臺中市,臺中市海線社區大學,校本部,台中市梧棲區民生街12號
110年春季班 ( 含寒假班 ),臺中市,臺中市海線社區大學,弘光科技大學,台中市沙鹿區台灣大道六段1018號
110年春季班 ( 含寒假班 ),臺中市,臺中市五權社區大學,校本部,臺中市西區五權路2-3號4F
110年春季班 ( 含寒假班 ),臺中市,臺中市後驛社區大學,校本部,臺中市東區台中路283號
110年春季班 ( 含寒假班 ),臺中市,臺中市南湖社區大學,校本部,台中市南屯區嶺東路1號
110年春季班 ( 含寒假班 ),臺中市,臺中市甲安埔社區大學,校本部,台中市大甲區甲東路512號
110年春季班 ( 含寒假班 ),臺中市,臺中市甲安埔社區大學,順天分部,臺中市大甲區大安港路67號
110年春季班 ( 含寒假班 ),臺中市,臺中市甲安埔社區大學,五里聯合活動中心1樓,大甲區德興路65號
110年春季班 ( 含寒假班 ),臺中市,臺中市甲安埔社區大學,義和、新美里活動中心1樓,大甲區義和里中山路一段484巷45號
110年春季班 ( 含寒假班 ),臺中市,臺中市甲安埔社區大學,大甲國小,大甲區育德路233號
110年春季班 ( 含寒假班 ),臺中市,臺中市甲安埔社區大學,太白社區活動中心,大甲區通天路110-2號
110年春季班 ( 含寒假班 ),臺中市,臺中市甲安埔社區大學,順天里活動中心,大甲區順天路146號3樓
110年春季班 ( 含寒假班 ),臺中市,臺中市甲安埔社區大學,嘟嘟道場,大甲區經國路95巷13號
110年春季班 ( 含寒假班 ),臺中市,臺中市甲安埔社區大學,Apple Yoga,大甲區大安港路53巷3號
110年春季班 ( 含寒假班 ),臺中市,臺中市甲安埔社區大學,舊文武里活動中心2樓,大甲區德興路61號
110年春季班 ( 含寒假班 ),臺中市,臺中市甲安埔社區大學,大甲區農會3樓會議室,大甲區文武路10號
110年春季班 ( 含寒假班 ),臺中市,臺中市后豐社區大學,校本部,臺中市豐原區豐東路75號
110年春季班 ( 含寒假班 ),臺中市,臺中市潭雅神社區大學,校本部,臺中市潭子區中山路二段31號
110年春季班 ( 含寒假班 ),彰化縣,彰化縣二林社區大學,校本部,彰化縣二林鎮豐田里斗苑路四段500號
110年春季班 ( 含寒假班 ),彰化縣,彰化縣湖埔社區大學,校本部,彰化縣溪湖鎮太平里文二街14號
110年春季班 ( 含寒假班 ),彰化縣,彰化縣湖埔社區大學,埔鹽分校,彰化縣埔鹽鄉彰水路一段74號
110年春季班 ( 含寒假班 ),彰化縣,彰化縣湖埔社區大學,埔心分校,彰化縣埔心鄉員鹿路二段194號
110年春季班 ( 含寒假班 ),彰化縣,彰化縣鹿秀社區大學,校本部,彰化縣鹿港鎮龍舟路22號3樓
110年春季班 ( 含寒假班 ),彰化縣,彰化縣鹿秀社區大學,秀水分校,彰化縣秀水鄉中山路257號
110年春季班 ( 含寒假班 ),彰化縣,彰化縣彰化社區大學,校本部,彰化市福山街348號
110年春季班 ( 含寒假班 ),彰化縣,彰化縣彰化社區大學,民族路行動教室,彰化市民族路209號
110年春季班 ( 含寒假班 ),彰化縣,彰化縣美港西社區大學,校本部,彰化縣和美鎮西園路31號
110年春季班 ( 含寒假班 ),彰化縣,彰化縣美港西社區大學,伸港鄉泉厝社區,彰化縣伸港鄉泉厝路44之3號
110年春季班 ( 含寒假班 ),彰化縣,彰化縣美港西社區大學,泉州社區活動中心,伸港鄉泉州村仁愛路123號
110年春季班 ( 含寒假班 ),彰化縣,彰化縣美港西社區大學,曾家社區活動中心,伸港鄉曾家村曾家路72號
110年春季班 ( 含寒假班 ),彰化縣,彰化縣美港西社區大學,線西鄉老人會 ,彰化縣線西鄉中央路二段15號
110年春季班 ( 含寒假班 ),彰化縣,彰化縣美港西社區大學,線西頂犁社區活動中心,彰化縣線西鄉頂犁路48號1號
110年春季班 ( 含寒假班 ),彰化縣,彰化縣美港西社區大學,線西鄉頂犁社區,彰化縣線西鄉頂犁村頂犁路48-1號
110年春季班 ( 含寒假班 ),彰化縣,彰化縣美港西社區大學,線西鄉農會,彰化縣線西鄉中央路二段20號
110年春季班 ( 含寒假班 ),彰化縣,彰化縣美港西社區大學,線西鄉線西社區,彰化縣線西鄉中央路二段536巷31號
110年春季班 ( 含寒假班 ),彰化縣,彰化縣美港西社區大學,和美鎮中圍社區,彰化縣和美鎮竹社路123號
110年春季班 ( 含寒假班 ),彰化縣,彰化縣美港西社區大學,和美鎮中寮大庄社區,彰化縣和美鎮桂東路159巷18號
110年春季班 ( 含寒假班 ),彰化縣,彰化縣美港西社區大學,和美鎮林庚壬議員服務處,彰化縣和美鎮信義路241號
110年春季班 ( 含寒假班 ),彰化縣,彰化縣美港西社區大學,和美鎮源埤社區,彰化縣和美鎮南安路105號
110年春季班 ( 含寒假班 ),彰化縣,彰化縣美港西社區大學,國立和美實驗學校,彰化縣和美鎮鹿和路六段115號
110年春季班 ( 含寒假班 ),彰化縣,彰化縣美港西社區大學,和美鎮新庄社區活動中心 ,彰化縣和美鎮東發路100巷30號
110年春季班 ( 含寒假班 ),彰化縣,彰化縣美港西社區大學,和美雅溝社區活動中心,彰化縣和美鎮雅溝里南軒路359巷7號
110年春季班 ( 含寒假班 ),彰化縣,彰化縣美港西社區大學,和美詔安社區活動中心,彰化縣和美鎮彰和路2段176號
110年春季班 ( 含寒假班 ),彰化縣,彰化縣美港西社區大學,和美竹營社區活動中心,彰化縣和美鎮和頭路237號
110年春季班 ( 含寒假班 ),彰化縣,彰化縣員永村社區大學,校本部,彰化縣員林市員水路二段313號
110年春季班 ( 含寒假班 ),彰化縣,彰化縣員永村社區大學,彰化縣育英國民小學,彰化縣員林市光明街31號
110年春季班 ( 含寒假班 ),彰化縣,彰化縣員永村社區大學,大橋社區活動中心,彰化縣大村鄉中山路三段193巷69號
110年春季班 ( 含寒假班 ),彰化縣,彰化縣員永村社區大學,彰化縣永靖國民小學,彰化縣永靖鄉中山路二段65號
110年春季班 ( 含寒假班 ),彰化縣,彰化縣二社田社區大學,校本部,彰化縣田中鎮中州路一段177號
110年春季班 ( 含寒假班 ),南投縣,南投縣貓羅溪社區大學,校本部,南投縣南投市復興路669號
110年春季班 ( 含寒假班 ),南投縣,南投縣貓羅溪社區大學,聖三一堂教育大樓,南投縣南投市虎山路104號
110年春季班 ( 含寒假班 ),南投縣,南投縣貓羅溪社區大學,中寮分校,54155南投縣中寮鄉永平村永平路316號
110年春季班 ( 含寒假班 ),南投縣,南投縣貓羅溪社區大學,名間分校,551南投縣名間鄉彰南路220號
110年春季班 ( 含寒假班 ),南投縣,南投縣貓羅溪社區大學,草屯分校,542南投縣草屯鎮玉屏路210號
110年春季班 ( 含寒假班 ),南投縣,南投縣貓羅溪社區大學,古韻箏樂團,南投縣草屯鎮虎山路306號
110年春季班 ( 含寒假班 ),南投縣,南投縣貓羅溪社區大學,南投縣中寮鄉義和社區發展協會,541南投縣中寮鄉永平路447之12號
110年春季班 ( 含寒假班 ),南投縣,南投縣貓羅溪社區大學,力揚乒乓球運動館,540南投縣南投市振興巷109號
110年春季班 ( 含寒假班 ),南投縣,南投縣貓羅溪社區大學,吳秋植物染工作坊,541南投縣中寮鄉永平路85-3號
110年春季班 ( 含寒假班 ),南投縣,南投縣水沙連社區大學,校本部,南投縣埔里鎮大城里大城路169號
110年春季班 ( 含寒假班 ),南投縣,南投縣水沙連社區大學,南投縣水沙連社區大學國姓分校,南投縣國姓鄉石門村國姓路237號
110年春季班 ( 含寒假班 ),南投縣,南投縣水沙連社區大學,南投縣水沙連社區大學魚池分校,南投縣魚池鄉瓊文巷41號
110年春季班 ( 含寒假班 ),南投縣,南投縣濁水溪社區大學,校本部,南投縣竹山鎮自強路100號
110年春季班 ( 含寒假班 ),南投縣,南投縣濁水溪社區大學,鹿谷分校,南投縣鹿谷鄉中正路2段174號
110年春季班 ( 含寒假班 ),南投縣,南投縣濁水溪社區大學,水里分校,南投縣水里鄉民生路68號
110年春季班 ( 含寒假班 ),南投縣,南投縣濁水溪社區大學,集集分校,南投縣集集鎮東昌巷4號
110年春季班 ( 含寒假班 ),雲林縣,雲林縣虎尾溪社區大學,校本部,雲林縣虎尾鎮文化路64號
110年春季班 ( 含寒假班 ),雲林縣,雲林縣虎尾溪社區大學,耕心有機農場,雲林縣虎尾鎮興南1之20號
110年春季班 ( 含寒假班 ),雲林縣,雲林縣虎尾溪社區大學,東勢鄉大眾爺廣場,雲林縣東勢鄉四安路路25號
110年春季班 ( 含寒假班 ),雲林縣,雲林縣虎尾溪社區大學,褒忠鄉-新湖大眾爺廣場,雲林縣褒忠鄉褒忠鄉新湖村新湖2之3號
110年春季班 ( 含寒假班 ),雲林縣,雲林縣虎尾溪社區大學,中民活動中心,雲林縣褒忠鄉中民村三民路39號
110年春季班 ( 含寒假班 ),雲林縣,雲林縣虎尾溪社區大學,褒忠國小,雲林縣褒忠鄉中勝路72號
110年春季班 ( 含寒假班 ),雲林縣,雲林縣虎尾溪社區大學,褒忠國中,雲林縣褒忠鄉中勝路62號
110年春季班 ( 含寒假班 ),雲林縣,雲林縣虎尾溪社區大學,龍潭社區活動中心,雲林縣東勢鄉仁愛路41號
110年春季班 ( 含寒假班 ),雲林縣,雲林縣虎尾溪社區大學,復興社區活動中心,雲林縣東勢鄉復興村復興路2號
110年春季班 ( 含寒假班 ),雲林縣,雲林縣虎尾溪社區大學,長南村社區活動中心,雲林縣元長鄉長南村元南路125號
110年春季班 ( 含寒假班 ),雲林縣,雲林縣虎尾溪社區大學,元長國中,雲林縣元長鄉長南村元南路16號
110年春季班 ( 含寒假班 ),雲林縣,雲林縣虎尾溪社區大學,冠廚食品股份有限公司,雲林縣元長鄉頂山路17之25號
110年春季班 ( 含寒假班 ),雲林縣,雲林縣虎尾溪社區大學,頂寮社區活動中心,雲林縣元長鄉1612號
110年春季班 ( 含寒假班 ),雲林縣,雲林縣虎尾溪社區大學,元長國小,雲林縣元長鄉元西路76號
110年春季班 ( 含寒假班 ),雲林縣,雲林縣虎尾溪社區大學,土庫老人會,雲林縣土庫鎮新建路1-6號
110年春季班 ( 含寒假班 ),雲林縣,雲林縣虎尾溪社區大學,馬光老人會,雲林縣土庫鎮民權路43號
110年春季班 ( 含寒假班 ),雲林縣,雲林縣虎尾溪社區大學,越港社區活動中心,雲林縣土庫鎮成功路1-10號
110年春季班 ( 含寒假班 ),雲林縣,雲林縣虎尾溪社區大學,土庫庄役場,雲林縣土庫鎮中山路252號
110年春季班 ( 含寒假班 ),雲林縣,雲林縣虎尾溪社區大學,越港社區活動中心,雲林縣土庫鎮成功路1-10號
110年春季班 ( 含寒假班 ),雲林縣,雲林縣虎尾溪社區大學,虎尾鎮三合社區雅槌農園,雲林縣虎尾鎮立仁里5鄰北平路199號
110年春季班 ( 含寒假班 ),雲林縣,雲林縣虎尾溪社區大學,農博生態園區,雲林縣虎尾鎮建成路
110年春季班 ( 含寒假班 ),雲林縣,雲林縣虎尾溪社區大學,虎尾國小,雲林縣虎尾鎮明正路88號
110年春季班 ( 含寒假班 ),雲林縣,雲林縣虎尾溪社區大學,埒內社區活動中心,雲林縣虎尾鎮埒內里埒內143-5號
110年春季班 ( 含寒假班 ),雲林縣,雲林縣虎尾溪社區大學,平和國小,雲林縣虎尾鎮光復路22號
110年春季班 ( 含寒假班 ),雲林縣,雲林縣虎尾溪社區大學,Return工作室,雲林縣虎尾鎮文化路100號
110年春季班 ( 含寒假班 ),雲林縣,雲林縣虎尾溪社區大學,旗艦貨櫃咖啡屋,雲林縣虎尾鎮博愛路63巷65號
110年春季班 ( 含寒假班 ),雲林縣,雲林縣虎尾溪社區大學,西安社區活動中心,雲林縣虎尾鎮西安里五間厝29鄰80號
110年春季班 ( 含寒假班 ),雲林縣,雲林縣虎尾溪社區大學,虎尾興南有機農業推廣中心,雲林縣虎尾鎮興南80-3號
110年春季班 ( 含寒假班 ),雲林縣,雲林縣虎尾溪社區大學,廉使社區活動中心,雲林縣虎尾鎮廉使里7鄰廉使1020號
110年春季班 ( 含寒假班 ),雲林縣,雲林縣虎尾溪社區大學,虎尾多功能活動中心,雲林縣虎尾鎮平和里大成街123號
110年春季班 ( 含寒假班 ),雲林縣,雲林縣虎尾溪社區大學,虎尾鎮西安社區活動中心,雲林縣虎尾鎮西安里五間厝29鄰80號
110年春季班 ( 含寒假班 ),雲林縣,雲林縣山線社區大學,校本部,雲林縣斗六市大學路三段123號 設計二館dc121a
110年春季班 ( 含寒假班 ),雲林縣,雲林縣山線社區大學,雲林國中,640雲林縣斗六市明德路599號
110年春季班 ( 含寒假班 ),雲林縣,雲林縣海線社區大學,校本部,雲林縣北港鎮成功路30號
110年春季班 ( 含寒假班 ),雲林縣,雲林縣海線社區大學,四湖石頭屋,雲林縣四湖鄉中正路514巷59號
110年春季班 ( 含寒假班 ),雲林縣,雲林縣海線社區大學,北港農工,雲林縣北港鎮太平路80號
110年春季班 ( 含寒假班 ),雲林縣,雲林縣海線社區大學,松西村活動中心,雲林縣水林鄉松西村後厝路59號旁
110年春季班 ( 含寒假班 ),雲林縣,雲林縣海線社區大學,張老師音樂教室,雲林縣四湖鄉新市街158號
110年春季班 ( 含寒假班 ),雲林縣,雲林縣海線社區大學,薇舞薇動舞蹈教室,雲林縣北港鎮義民路209巷4號5樓號
110年春季班 ( 含寒假班 ),雲林縣,雲林縣海線社區大學,秀惠拼布工房,雲林縣北港鎮樹腳里武德街23號
110年春季班 ( 含寒假班 ),雲林縣,雲林縣海線社區大學,建國中學,雲林縣北港鎮大同路468號
110年春季班 ( 含寒假班 ),雲林縣,雲林縣海線社區大學,內湖國小,雲林縣四湖鄉三塊厝123號
110年春季班 ( 含寒假班 ),雲林縣,雲林縣海線社區大學,柯蔡宗親會,雲林縣北港鎮北港鎮華勝路445巷18號
110年春季班 ( 含寒假班 ),雲林縣,雲林縣海線社區大學,宜梧國中,雲林縣口湖鄉光明路1號
110年春季班 ( 含寒假班 ),雲林縣,雲林縣平原社區大學,校本部,雲林縣西螺鎮延平路92號
110年春季班 ( 含寒假班 ),雲林縣,雲林縣平原社區大學,72ART,雲林縣西螺鎮延平路72號
110年春季班 ( 含寒假班 ),雲林縣,雲林縣平原社區大學,青銀共學中心,雲林縣西螺鎮延平路81號
110年春季班 ( 含寒假班 ),雲林縣,雲林縣平原社區大學,美生菜故事館,興華村15鄰興華3號
110年春季班 ( 含寒假班 ),雲林縣,雲林縣平原社區大學,新吉社區活動中心,雲林縣麥寮鄉7鄰69-1號
110年春季班 ( 含寒假班 ),雲林縣,雲林縣平原社區大學,麥寮高中,雲林縣麥寮鄉中興路310號
110年春季班 ( 含寒假班 ),雲林縣,雲林縣平原社區大學,老土藝術工作坊,雲林縣崙背鄉仁愛街42-3號
110年春季班 ( 含寒假班 ),雲林縣,雲林縣平原社區大學,悠紙生活館,雲林縣崙背鄉南光路390號
110年春季班 ( 含寒假班 ),雲林縣,雲林縣平原社區大學,詔安客家文化館,雲林縣崙背鄉民生路28-8號
110年春季班 ( 含寒假班 ),雲林縣,雲林縣平原社區大學,明德寺,雲林縣臺西鄉忠孝路114號
110年春季班 ( 含寒假班 ),雲林縣,雲林縣平原社區大學,臺西救國團,雲林縣臺西鄉五港路100-2號
110年春季班 ( 含寒假班 ),雲林縣,雲林縣平原社區大學,臺西國小海洋藝術館,雲林縣臺西鄉民權路9號
110年春季班 ( 含寒假班 ),雲林縣,雲林縣平原社區大學,二崙老人會,雲林縣二崙鄉中正路90號
110年春季班 ( 含寒假班 ),雲林縣,雲林縣平原社區大學,丸莊醬油觀光工廠,雲林縣西螺鎮延平路25號
110年春季班 ( 含寒假班 ),雲林縣,雲林縣平原社區大學,永興宮,雲林縣西螺鎮大橋路8號
110年春季班 ( 含寒假班 ),雲林縣,雲林縣平原社區大學,廣福宮,雲林縣西螺鎮新街2號
110年春季班 ( 含寒假班 ),雲林縣,雲林縣平原社區大學,中山國小,雲林縣西螺鎮新街2號
110年春季班 ( 含寒假班 ),雲林縣,雲林縣平原社區大學,文昌國小,雲林縣西螺鎮延平路504號
110年春季班 ( 含寒假班 ),嘉義縣,嘉義縣邑米社區大學,校本部,嘉義縣中埔鄉和興路91號
110年春季班 ( 含寒假班 ),嘉義縣,嘉義縣邑山社區大學,校本部,嘉義縣民雄鄉北斗村北勢仔17號
110年春季班 ( 含寒假班 ),嘉義市,嘉義市嘉義社區大學,校本部,嘉義市東區彌陀路253號
110年春季班 ( 含寒假班 ),嘉義市,嘉義市嘉義社區大學,農園教室,嘉義市世賢路四段210號巷內 [志航國小對面]
110年春季班 ( 含寒假班 ),嘉義市,嘉義市博愛社區大學,校本部,嘉義市博愛路二段241號
110年春季班 ( 含寒假班 ),臺南市,臺南市臺南社區大學,後甲國中,臺南市東區林森路二段260號
110年春季班 ( 含寒假班 ),臺南市,臺南市臺南社區大學,海尾朝皇宮,台南市安南區海中街101巷10號
110年春季班 ( 含寒假班 ),臺南市,臺南市臺南社區大學,大成國中,台南市南區西門路一段306號
110年春季班 ( 含寒假班 ),臺南市,臺南市臺南社區大學,新興國中,70252台南市南區新孝路87號
110年春季班 ( 含寒假班 ),臺南市,臺南市臺南社區大學,成功國中,704台南市北區和緯路一段2號
110年春季班 ( 含寒假班 ),臺南市,臺南市臺南社區大學,台南地區農會,709台南市安南區安中路二段300號1樓
110年春季班 ( 含寒假班 ),臺南市,臺南市臺南社區大學,安順里活動中心,702台南市安南區育安街211號
110年春季班 ( 含寒假班 ),臺南市,臺南市臺南社區大學,溪心里活動中心,709台南市安南區功安一街162號
110年春季班 ( 含寒假班 ),臺南市,臺南市臺南社區大學,海西里活動中心,709台南市安南區海環街186號
110年春季班 ( 含寒假班 ),臺南市,臺南市臺南社區大學,海東里活動中心,709台南市安南區海佃路二段509巷65號
110年春季班 ( 含寒假班 ),臺南市,臺南市臺南社區大學,鄭子寮福安宮,704台南市北區北成路212號
110年春季班 ( 含寒假班 ),臺南市,臺南市臺南社區大學,中州寮保安宮,709台南市安南區長和路三段96號
110年春季班 ( 含寒假班 ),臺南市,臺南市臺南社區大學,台江文化中心,709台南市安南區安吉路一段207號
110年春季班 ( 含寒假班 ),臺南市,臺南市臺南社區大學,溪南寮興安宮,709台南市安南區安興街435巷12號
110年春季班 ( 含寒假班 ),臺南市,臺南市臺南社區大學,總頭寮興安宮,709台南市安南區長溪路二段561號
110年春季班 ( 含寒假班 ),臺南市,臺南市臺南社區大學,溪頂寮保安宮,709台南市安南區安和路一段220巷52號
110年春季班 ( 含寒假班 ),臺南市,臺南市臺南社區大學,溪頂寮代天宮,709台南市安南區安西一街26號
110年春季班 ( 含寒假班 ),臺南市,臺南市臺南社區大學,舊和順慈安宮,709台南市安南區安和路四段25巷32號
110年春季班 ( 含寒假班 ),臺南市,臺南市臺南社區大學,海尾代天宮,709台南市安南區海中街169巷59之1號
110年春季班 ( 含寒假班 ),臺南市,臺南市北門社區大學,校本部,台南市佳里區安南路523號
110年春季班 ( 含寒假班 ),臺南市,臺南市北門社區大學,將軍區 將軍圖書館,台南市將軍區忠嘉里忠興180-50號
110年春季班 ( 含寒假班 ),臺南市,臺南市北門社區大學,學甲區 光華社區活動中心,台南市學甲區光華里8鄰過港子65號
110年春季班 ( 含寒假班 ),臺南市,臺南市北門社區大學,學甲區 Cora姐姐手作工坊,台南市學甲區東興街61號
110年春季班 ( 含寒假班 ),臺南市,臺南市北門社區大學,學甲區 In Caf?時尚咖啡,台南市學甲區民權路97號
110年春季班 ( 含寒假班 ),臺南市,臺南市北門社區大學,七股區 後港國中,台南市七股區大潭里頂潭93號
110年春季班 ( 含寒假班 ),臺南市,臺南市北門社區大學,西港區 西港國中,台南市西港區文化路41號
110年春季班 ( 含寒假班 ),臺南市,臺南市北門社區大學,佳里區 侯老師工作室,台南市佳里區新生路57號
110年春季班 ( 含寒假班 ),臺南市,臺南市北門社區大學,佳里區 緣內多SAP會館,台南市佳里區佳東路211號
110年春季班 ( 含寒假班 ),臺南市,臺南市北門社區大學,佳里區 台福新生命基督教會,台南市佳里區光華街156號
110年春季班 ( 含寒假班 ),臺南市,臺南市北門社區大學,佳里區 佛天宮,台南市文化路672號
110年春季班 ( 含寒假班 ),臺南市,臺南市北門社區大學,佳里區 昭清宮,台南市佳里區安西里118之3號
110年春季班 ( 含寒假班 ),臺南市,臺南市北門社區大學,佳里區 安西關懷據點,台南市佳里區光華街150巷2-2號
110年春季班 ( 含寒假班 ),臺南市,臺南市北門社區大學,佳里區 佳興國小,台南市佳里區佳化里214號
110年春季班 ( 含寒假班 ),臺南市,臺南市北門社區大學,佳里區 信義國小,臺南市佳里區信義一街336號
110年春季班 ( 含寒假班 ),臺南市,臺南市曾文社區大學,校本部-真理大學台南校區,台南市麻豆區北勢寮70-11號
110年春季班 ( 含寒假班 ),臺南市,臺南市曾文社區大學,玉井國小,臺南市玉井區中正路1號
110年春季班 ( 含寒假班 ),臺南市,臺南市曾文社區大學,總爺國小,台南市麻豆區總爺104號
110年春季班 ( 含寒假班 ),臺南市,臺南市曾文社區大學,總爺藝文中心,台南市麻豆區南勢里總爺5號
110年春季班 ( 含寒假班 ),臺南市,臺南市曾文社區大學,麻豆國小,台南市麻豆區文昌路18號
110年春季班 ( 含寒假班 ),臺南市,臺南市曾文社區大學,麻豆驢子廚房,台南市麻豆區港尾里客子寮36-32號
110年春季班 ( 含寒假班 ),臺南市,臺南市曾文社區大學,麻豆心玥瑜珈教室,台南市麻豆區晉江里民權路26-1號3樓
110年春季班 ( 含寒假班 ),臺南市,臺南市曾文社區大學,麻豆歌唱教室,台南市麻豆區磚井里139之17號
110年春季班 ( 含寒假班 ),臺南市,臺南市曾文社區大學,麻豆烘焙教室,台南市麻豆區民權路91巷16-5號
110年春季班 ( 含寒假班 ),臺南市,臺南市曾文社區大學,麻豆舞蹈教室,台南市麻豆區麻豆口54-7號
110年春季班 ( 含寒假班 ),臺南市,臺南市曾文社區大學,麻豆格子布拼布工作室,台南市麻豆區大埕里65號
110年春季班 ( 含寒假班 ),臺南市,臺南市曾文社區大學,麻豆工藝之家,台南市麻豆區油車里18號
110年春季班 ( 含寒假班 ),臺南市,臺南市曾文社區大學,麻豆聖王宮,台南市麻豆區大同街26-1號
110年春季班 ( 含寒假班 ),臺南市,臺南市曾文社區大學,麻豆龍鳳宮,台南市麻豆區大埕里中正路139號
110年春季班 ( 含寒假班 ),臺南市,臺南市曾文社區大學,官田天一中藥生活園區,台南事官田區工業路31號
110年春季班 ( 含寒假班 ),臺南市,臺南市曾文社區大學,官田台南鴨莊,台南市官田區渡頭里三塊厝78-1號
110年春季班 ( 含寒假班 ),臺南市,臺南市曾文社區大學,六甲區七甲里活動中心,臺南市六甲區七甲街89巷4號
110年春季班 ( 含寒假班 ),臺南市,臺南市曾文社區大學,六甲農家院子,臺南市六甲區中正路118號
110年春季班 ( 含寒假班 ),臺南市,臺南市曾文社區大學,六甲恆安宮,臺南市六甲區仁愛街38號
110年春季班 ( 含寒假班 ),臺南市,臺南市曾文社區大學,玉井民眾服務社,臺南市玉井區中正路3號
110年春季班 ( 含寒假班 ),臺南市,臺南市曾文社區大學,玉井德蘭啟智中心,臺南市玉井區中華路200號
110年春季班 ( 含寒假班 ),臺南市,臺南市曾文社區大學,玉井分校-市場內佳家童裝,臺南市玉井區中正路21巷43號
110年春季班 ( 含寒假班 ),臺南市,臺南市曾文社區大學,六甲國中,臺南市六甲區民權路43號
110年春季班 ( 含寒假班 ),臺南市,臺南市永康社區大學,大灣高中校本部,臺南市永康區文賢街68巷1號
110年春季班 ( 含寒假班 ),臺南市,臺南市永康社區大學,臺南高工分校,台南市永康區中山南路193號
110年春季班 ( 含寒假班 ),臺南市,臺南市永康社區大學,崑山分班-崑山教會,710台南市永康區國光二街11號
110年春季班 ( 含寒假班 ),臺南市,臺南市永康社區大學,大橋分班-安內咖啡館,台南市永康區大橋一街73巷34號
110年春季班 ( 含寒假班 ),臺南市,臺南市永康社區大學,復華分班-愛木工作坊,710台南市永康區復華三街5-1號
110年春季班 ( 含寒假班 ),臺南市,臺南市永康社區大學,成功分班-南瀛眷村文化館,台南市永康區中華路58巷70號
110年春季班 ( 含寒假班 ),臺南市,臺南市永康社區大學,龍潭分班-龍潭天壇,710台南市永康區龍國街351號
110年春季班 ( 含寒假班 ),臺南市,臺南市永康社區大學,烏竹分班-烏竹里活動中心,710台南市永康區烏竹北街85號
110年春季班 ( 含寒假班 ),臺南市,臺南市永康社區大學,王行分班-王行里活動中心,710台南市永康區王行路866巷29弄118號
110年春季班 ( 含寒假班 ),臺南市,臺南市新營社區大學,校本部,臺南市新營區民族路4-3號
110年春季班 ( 含寒假班 ),臺南市,臺南市新營社區大學,惠影烙畫手作工作室,730台南市新營區民生路43-53號
110年春季班 ( 含寒假班 ),臺南市,臺南市新營社區大學,營鳳國際同濟會,731台南市後壁區侯伯里 59-90號
110年春季班 ( 含寒假班 ),臺南市,臺南市新營社區大學,竹居自然農園,731台南市後壁區新東里100之80號
110年春季班 ( 含寒假班 ),臺南市,臺南市新營社區大學,柳營代天院,736台南市柳營區中山西路一段362號
110年春季班 ( 含寒假班 ),臺南市,臺南市新營社區大學,白河福安宮,732台南市白河區中山路124號
110年春季班 ( 含寒假班 ),臺南市,臺南市新營社區大學,鳳安宮,733台南市東山區福安街2號
110年春季班 ( 含寒假班 ),臺南市,臺南市新營社區大學,臺南市東山區東山國小,733台南市東山區青葉路二段49號
110年春季班 ( 含寒假班 ),臺南市,臺南市新營社區大學,柳營聯合活動中心,台南市柳營區中山西路二段19巷31弄35號
110年春季班 ( 含寒假班 ),臺南市,臺南市新營社區大學,小腳腿多功能活動中心,736台南市柳營區226-1號
110年春季班 ( 含寒假班 ),臺南市,臺南市新營社區大學,曬書店×新營市民學堂,730台南市新營區中山路93-2號2樓
110年春季班 ( 含寒假班 ),臺南市,臺南市新營社區大學,柳營國中,736台南市柳營區中山東路二段956號
110年春季班 ( 含寒假班 ),臺南市,臺南市新營社區大學,臺南市鹽水區鹽水國民小學,737台南市鹽水區朝琴路137號
110年春季班 ( 含寒假班 ),臺南市,臺南市新營社區大學,臺南市新營區新東里活動中心,730台南市新營區東仁街10巷39號
110年春季班 ( 含寒假班 ),臺南市,臺南市新營社區大學,臺南市立新營體育場,730台南市新營區長榮路二段78號
110年春季班 ( 含寒假班 ),臺南市,臺南市新營社區大學,新營文化中心,730台南市新營區中正路23號
110年春季班 ( 含寒假班 ),臺南市,臺南市新營社區大學,臺南市立南新國民中學,730台南市新營區民治路65號
110年春季班 ( 含寒假班 ),臺南市,臺南市新營社區大學,臺南市立南梓實驗小學,730台南市新營區建業路191號
110年春季班 ( 含寒假班 ),臺南市,臺南市新營社區大學,臺南市新營區新泰國民小學,73064台南市新營區東學路77號
110年春季班 ( 含寒假班 ),臺南市,臺南市新營社區大學,臺南市新營區新進國民小學,新營區中正路41號
110年春季班 ( 含寒假班 ),臺南市,臺南市新化社區大學,新化國中,臺南市新化區中興路722號
110年春季班 ( 含寒假班 ),臺南市,臺南市新化社區大學,梟種籽文創學堂,741台南市善化區中華路173-161 對面貨櫃屋 
110年春季班 ( 含寒假班 ),臺南市,臺南市新化社區大學,六分社區活動中心,臺南市善化區六分里六分寮471號
110年春季班 ( 含寒假班 ),臺南市,臺南市新化社區大學,六分寮據點,臺南市善化區六分寮26-1號
110年春季班 ( 含寒假班 ),臺南市,臺南市新化社區大學,原文欣幼稚園,台南市善化區建國路136號
110年春季班 ( 含寒假班 ),臺南市,臺南市新化社區大學,茄拔國小,台南市善化區嘉北里280號
110年春季班 ( 含寒假班 ),臺南市,臺南市新化社區大學,南科社區中心,台南市新市區大順三路125號3樓
110年春季班 ( 含寒假班 ),臺南市,臺南市新化社區大學,何瑪玩樂烘培工作室,台南市新化區知義里新和庄18之9號
110年春季班 ( 含寒假班 ),臺南市,臺南市新化社區大學,山上圖書館,臺南市山上區南洲53號
110年春季班 ( 含寒假班 ),臺南市,臺南市新化社區大學,東勢寮社區活動中心,臺南市善化區東隆里186之5號
110年春季班 ( 含寒假班 ),臺南市,臺南市新化社區大學,虎頭埤風景區,臺南市新化區中興路42巷36號
110年春季班 ( 含寒假班 ),臺南市,臺南市新化社區大學,南化社區發展協會,臺南市南化區南化里172之1號
110年春季班 ( 含寒假班 ),臺南市,臺南市新化社區大學,南化中坑里活動中心,臺南市南化區中坑里38之6號
110年春季班 ( 含寒假班 ),臺南市,臺南市新化社區大學,南化國中,臺南市南化區227號
110年春季班 ( 含寒假班 ),臺南市,臺南市新化社區大學,公館社區發展協會,臺南市左鎮區岡林里31號
110年春季班 ( 含寒假班 ),臺南市,臺南市新化社區大學,牛庄社區活動中心,臺南市善化區牛庄里138之2號
110年春季班 ( 含寒假班 ),臺南市,臺南市新化社區大學,陽光真愛青少年夢工廠,臺南市新化區中山路167號
110年春季班 ( 含寒假班 ),臺南市,臺南市新化社區大學,山腳下園藝,臺南市新化區山?里78號 
110年春季班 ( 含寒假班 ),臺南市,臺南市新化社區大學,南化社區關懷據點,臺南市南化區南化里230號
110年春季班 ( 含寒假班 ),臺南市,臺南市新化社區大學,善化小新營三代祖師廟,臺南市善化區小新里97號
110年春季班 ( 含寒假班 ),臺南市,臺南市新化社區大學,新化正新國小,臺南市新化區正新路97號
110年春季班 ( 含寒假班 ),臺南市,臺南市新化社區大學,東勢寮活動中心,台南市善化區東勢寮東隆里186-5號
110年春季班 ( 含寒假班 ),臺南市,臺南市新化社區大學,善化小新國小,台南市善化區小新里97-3 號
110年春季班 ( 含寒假班 ),臺南市,臺南市新化社區大學,山上社區活動中心,臺南市山上區山上里134之1號
110年春季班 ( 含寒假班 ),臺南市,臺南市新化社區大學,左鎮澄山,臺南市左鎮區澄山里77之2號
110年春季班 ( 含寒假班 ),臺南市,臺南市新化社區大學,善化高中,臺南市善化區大成路195號
110年春季班 ( 含寒假班 ),臺南市,臺南市新化社區大學,善化國小,臺南市善化區進學路63號
110年春季班 ( 含寒假班 ),臺南市,臺南市新化社區大學,善化東勢寮田間學堂,善化東勢寮田間學堂
110年春季班 ( 含寒假班 ),臺南市,臺南市新化社區大學,安定國中,臺南市安定區安加里262之1號
110年春季班 ( 含寒假班 ),臺南市,臺南市新化社區大學,中榮社區活動中心,臺南市安定區中榮里許中營27之1號
110年春季班 ( 含寒假班 ),臺南市,臺南市新化社區大學,新市國小,臺南市新市區中興街1號
110年春季班 ( 含寒假班 ),臺南市,臺南市新化社區大學,新市社內社區,臺南市新市區社內里91之22號
110年春季班 ( 含寒假班 ),臺南市,臺南市新化社區大學,新市大營,臺南市新市區大營里豐榮55號
110年春季班 ( 含寒假班 ),臺南市,臺南市新化社區大學,新市張氏農場,臺南市新市區大社里430號
110年春季班 ( 含寒假班 ),臺南市,臺南市新化社區大學,二馬陶藝工作室,臺南市新化區民生路15之1號
110年春季班 ( 含寒假班 ),臺南市,臺南市新化社區大學,新化成功書香園,臺南市新化區中興路377號
110年春季班 ( 含寒假班 ),臺南市,臺南市新化社區大學,新化老街咖啡,臺南市新化區中正路421號
110年春季班 ( 含寒假班 ),臺南市,臺南市南關社區大學,校本部,臺南市歸仁區中正北路一段148號
110年春季班 ( 含寒假班 ),臺南市,臺南市南關社區大學,仁德分部,717台南市仁德區正義一街39號
110年春季班 ( 含寒假班 ),臺南市,臺南市南關社區大學,畦詩農場kiss farm,台南市歸仁區媽祖廟段398-2
110年春季班 ( 含寒假班 ),臺南市,臺南市南關社區大學,吉田田有機農場,台南市仁德區文華路二段358巷201弄9-2號
110年春季班 ( 含寒假班 ),臺南市,臺南市南關社區大學,董炎山工作室,台南市東山區大客里46-18號
110年春季班 ( 含寒假班 ),臺南市,臺南市南關社區大學,李金昇工作室,台南市關廟區新埔里新埔三街32號
110年春季班 ( 含寒假班 ),臺南市,臺南市南關社區大學,小木偶工坊,台南市仁德區太子二街125巷13號
110年春季班 ( 含寒假班 ),臺南市,臺南市南關社區大學,王源和工作室,台南市歸仁區中正北路一段191-1號
110年春季班 ( 含寒假班 ),臺南市,臺南市南關社區大學,歸仁國中,711台南市歸仁區文化街二段2號
110年春季班 ( 含寒假班 ),高雄市,高雄市旗美社區大學,校本部,高雄市旗山區樹人路21號
110年春季班 ( 含寒假班 ),高雄市,高雄市旗美社區大學,桃源國中家政教室,高雄市桃源區南橫公路三段201號
110年春季班 ( 含寒假班 ),高雄市,高雄市旗美社區大學,桃源木工教室,高雄市桃源區桃源里南進巷196號
110年春季班 ( 含寒假班 ),高雄市,高雄市旗美社區大學,徐萍有氧瑜珈教室,高雄市旗山區延平一路655之2號3樓
110年春季班 ( 含寒假班 ),高雄市,高雄市旗美社區大學,徐牙醫診所2樓,高雄市美濃區中正路二段765號
110年春季班 ( 含寒假班 ),高雄市,高雄市旗美社區大學,美濃水圳旁教室,高雄市美濃區永安路341號
110年春季班 ( 含寒假班 ),高雄市,高雄市旗美社區大學,美濃一嘉工坊,高雄市美濃區中山路一段23號
110年春季班 ( 含寒假班 ),高雄市,高雄市旗美社區大學,青銀夥房,高雄市美濃區民族路79號
110年春季班 ( 含寒假班 ),高雄市,高雄市旗美社區大學,和安社區活動中心,高雄市甲仙區中山路56號
110年春季班 ( 含寒假班 ),高雄市,高雄市旗美社區大學,亞力皮雕工藝坊,高雄市桃源區建山巷86-2號
110年春季班 ( 含寒假班 ),高雄市,高雄市旗美社區大學,江荷畫築工作室,高雄市美濃區福安街15巷9-1號
110年春季班 ( 含寒假班 ),高雄市,高雄市旗美社區大學,皮塔屋生態農園,高雄市內門區溝坪里廣福28-10號
110年春季班 ( 含寒假班 ),高雄市,高雄市旗美社區大學,甲仙區文化路32號,高雄市甲仙區文化路32號
110年春季班 ( 含寒假班 ),高雄市,高雄市旗美社區大學,月光山下,高雄市杉林區月美里桐竹路208號
110年春季班 ( 含寒假班 ),高雄市,高雄市旗美社區大學,中洲社區活動中心2樓,高雄市旗山區中洲路151號
110年春季班 ( 含寒假班 ),高雄市,高雄市旗美社區大學,小春日和,高雄市美濃區美興街215號
110年春季班 ( 含寒假班 ),高雄市,高雄市第一社區大學,校本部,高雄市市中一路339號
110年春季班 ( 含寒假班 ),高雄市,高雄市第一社區大學,心路學苑,高雄市三民區博愛一路372號5樓
110年春季班 ( 含寒假班 ),高雄市,高雄市第一社區大學,林裕銘工作室,高雄市仁武區永仁街646號
110年春季班 ( 含寒假班 ),高雄市,高雄市第一社區大學,和平國小社區多功能教室,高雄市岡山區和平路1號
110年春季班 ( 含寒假班 ),高雄市,高雄市第一社區大學,小港農場,高雄市小港區孔鳳路455巷
110年春季班 ( 含寒假班 ),高雄市,高雄市第一社區大學,社大草衙藝術基地,高雄市前鎮區德昌路345號
110年春季班 ( 含寒假班 ),高雄市,高雄市第一社區大學,旗津社會開創基地,高雄市旗津區北汕尾巷6號
110年春季班 ( 含寒假班 ),高雄市,高雄市第一社區大學,洛斯特咖啡,高雄市新興區七賢二路90號
110年春季班 ( 含寒假班 ),高雄市,高雄市第一社區大學,高雄文學館,高雄市前金區民生二路39號
110年春季班 ( 含寒假班 ),高雄市,高雄市第一社區大學,梁冠英工作室,高雄市苓雅區青年二路186號
110年春季班 ( 含寒假班 ),高雄市,高雄市第一社區大學,建軍跨域基地,高雄市苓雅區建軍路2號
110年春季班 ( 含寒假班 ),高雄市,高雄市第一社區大學,等閑書房,高雄市苓雅區福壽街136號
110年春季班 ( 含寒假班 ),高雄市,高雄市第一社區大學,第一社區大學福東校區,高雄市苓雅區福德三路96號
110年春季班 ( 含寒假班 ),高雄市,高雄市港都社區大學,校本部,高雄市三民區博愛一路289號
110年春季班 ( 含寒假班 ),高雄市,高雄市港都社區大學,心路基金會,博愛一路372號5樓
110年春季班 ( 含寒假班 ),高雄市,高雄市港都社區大學,遊藝茶陶工作室,建和街58號
110年春季班 ( 含寒假班 ),高雄市,高雄市港都社區大學,昱禾樂橋頭農場,橋頭火車站1號出口
110年春季班 ( 含寒假班 ),高雄市,高雄市港都社區大學,魚菜共生農場,澄新四街28號
110年春季班 ( 含寒假班 ),高雄市,高雄市港都社區大學,右昌國中,盛昌街161號
110年春季班 ( 含寒假班 ),高雄市,高雄市港都社區大學,左營國中,曾子路281號
110年春季班 ( 含寒假班 ),高雄市,高雄市港都社區大學,凹子底廣場,捷運凹子底4號出口
110年春季班 ( 含寒假班 ),高雄市,高雄市港都社區大學,SBG教室,重立路158號2樓
110年春季班 ( 含寒假班 ),高雄市,高雄市港都社區大學,三民高中,金鼎路81號
110年春季班 ( 含寒假班 ),高雄市,高雄市港都社區大學,陽明國中,義華路166號
110年春季班 ( 含寒假班 ),高雄市,高雄市港都社區大學,安宜里活動中心,自立一路535號
110年春季班 ( 含寒假班 ),高雄市,高雄市港都社區大學,綠色協會,博愛一路70號8樓之2
110年春季班 ( 含寒假班 ),高雄市,高雄市港都社區大學,萬福中華聖母堂,中華一路25號
110年春季班 ( 含寒假班 ),高雄市,高雄市港都社區大學,龍子里活動中心,中華一路2133巷47號
110年春季班 ( 含寒假班 ),高雄市,高雄市港都社區大學,武德殿,高雄市鼓山區登山街36號
110年春季班 ( 含寒假班 ),高雄市,高雄市岡山社區大學,校本部,高雄市岡山區柳橋東路36號
110年春季班 ( 含寒假班 ),高雄市,高雄市岡山社區大學,程香社區活動中心,高雄市岡山區華園二路15號
110年春季班 ( 含寒假班 ),高雄市,高雄市岡山社區大學,路竹高中,821高雄市路竹區中華路292號
110年春季班 ( 含寒假班 ),高雄市,高雄市岡山社區大學,高雄市立圖書館路竹分館,821高雄市路竹區國昌路86巷9號
110年春季班 ( 含寒假班 ),高雄市,高雄市岡山社區大學,音弦坊音樂教室,高雄市路竹區國昌路128號
110年春季班 ( 含寒假班 ),高雄市,高雄市岡山社區大學,阿蓮老人活動中心,高雄市阿蓮區成功街66號
110年春季班 ( 含寒假班 ),高雄市,高雄市岡山社區大學,湖內區公館社區活動中心,高雄市湖內區中正路一段53巷1號
110年春季班 ( 含寒假班 ),高雄市,高雄市岡山社區大學,高雄市立圖書館彌陀公園分館,高雄市彌陀區中正路281巷50號
110年春季班 ( 含寒假班 ),高雄市,高雄市岡山社區大學,古亭社區活動中心,823高雄市田寮區古亭路廟後巷1號
110年春季班 ( 含寒假班 ),高雄市,高雄市岡山社區大學,田寮斗姥廟,823高雄市田寮區七星路68之50號
110年春季班 ( 含寒假班 ),高雄市,高雄市岡山社區大學,永安漁會,高雄市永安區新興路27之2號
110年春季班 ( 含寒假班 ),高雄市,高雄市岡山社區大學,蔣老師音樂教室,高雄市梓官區和平路265號
110年春季班 ( 含寒假班 ),高雄市,高雄市岡山社區大學,笑咪咪關懷協會,高雄市岡山區文化街4號
110年春季班 ( 含寒假班 ),高雄市,高雄市岡山社區大學,303巷花藝教室,高雄市岡山區岡山路303巷36號
110年春季班 ( 含寒假班 ),高雄市,高雄市岡山社區大學,和平國小,高雄市岡山區和平路1號
110年春季班 ( 含寒假班 ),高雄市,高雄市岡山社區大學,美加美烘焙坊,高雄市岡山區大仁路105號
110年春季班 ( 含寒假班 ),高雄市,高雄市岡山社區大學,凡穀創藝工坊,高雄市岡山區公園西路三段134號2樓
110年春季班 ( 含寒假班 ),高雄市,高雄市岡山社區大學,花仙子手藝坊,高雄市岡山區岡山路323巷15號
110年春季班 ( 含寒假班 ),高雄市,高雄市鳳山社區大學,校本部,高雄市鳳山區光復路一段120巷8號(中山國小內)
110年春季班 ( 含寒假班 ),高雄市,高雄市鳳山社區大學,大寮老人活動中心,高雄市大寮區光明路三段1257巷51號
110年春季班 ( 含寒假班 ),高雄市,高雄市鳳山社區大學,山仔頂教室,高雄市大寮區力行路88-1號
110年春季班 ( 含寒假班 ),高雄市,高雄市鳳山社區大學,心福田自然栽培園,高雄市鳥松區大同路23-5號
110年春季班 ( 含寒假班 ),高雄市,高雄市鳳山社區大學,?埔自然園地,高雄市鳥松區?埔路4巷10號
110年春季班 ( 含寒假班 ),高雄市,高雄市鳳山社區大學,微熟成音創基地,高雄市大樹區久堂路140號3樓
110年春季班 ( 含寒假班 ),高雄市,高雄市鳳山社區大學,久堂里活動中心,高雄市大樹區久堂路97號
110年春季班 ( 含寒假班 ),高雄市,高雄市鳳山社區大學,大樹圖書二館,高雄市大樹區久堂路97之1號
110年春季班 ( 含寒假班 ),高雄市,高雄市鳳山社區大學,忠孝國小,高雄市鳳山區新富路630路
110年春季班 ( 含寒假班 ),高雄市,高雄市鳳山社區大學,五甲國中,高雄市鳳山區龍成路111號
110年春季班 ( 含寒假班 ),高雄市,高雄市鳳山社區大學,大東藝術圖書館2樓,高雄市鳳山區光遠路161號
110年春季班 ( 含寒假班 ),高雄市,高雄市鳳山社區大學,大東藝文教室A,高雄市鳳山區光遠路161號
110年春季班 ( 含寒假班 ),高雄市,高雄市鳳山社區大學,大德教室,高雄市鳳山區大德街82號
110年春季班 ( 含寒假班 ),高雄市,高雄市鳳山社區大學,文山國小,高雄市鳳山區鳳松路25巷20號
110年春季班 ( 含寒假班 ),高雄市,高雄市鳳山社區大學,放木創作工坊,高雄市鳳山區鳳仁路156-1號
110年春季班 ( 含寒假班 ),高雄市,高雄市鳳山社區大學,海軍明德訓練班,高雄市鳳山區勝利路10號
110年春季班 ( 含寒假班 ),高雄市,高雄市鳳山社區大學,中正215教室,高雄市鳳山區中正路215號
110年春季班 ( 含寒假班 ),高雄市,高雄市鳳山社區大學,高雄市婦幼青少年中心,高雄市鳳山區光復路二段120號
110年春季班 ( 含寒假班 ),高雄市,高雄市鎮港園社區大學,校本部,806高雄市前鎮區民權二路331號3樓
110年春季班 ( 含寒假班 ),高雄市,高雄市鎮港園社區大學,小港行動學習中心,812高雄市小港區營口路1號
110年春季班 ( 含寒假班 ),高雄市,高雄市鎮港園社區大學,高雄市立圖書館草衙分館,806高雄市前鎮區新衙路17號
110年春季班 ( 含寒假班 ),高雄市,高雄市鎮港園社區大學,高雄市銀髮族市民農園,806高雄市前鎮區衙信二街
110年春季班 ( 含寒假班 ),高雄市,高雄市鎮港園社區大學,高雄市立前鎮國民中學,806高雄市前鎮區新衙路17號
110年春季班 ( 含寒假班 ),高雄市,高雄市鎮港園社區大學,林園國小,832高雄市林園區忠孝西路20號
110年春季班 ( 含寒假班 ),高雄市,高雄市鎮港園社區大學,林園高中,83252高雄市林園區林園北路481號
110年春季班 ( 含寒假班 ),高雄市,高雄市鎮港園社區大學,卡里歐麵包坊,832高雄市林園區林園北路438號
110年春季班 ( 含寒假班 ),高雄市,高雄市鎮港園社區大學,羅老師瑜珈教室,832高雄市林園區信義路63號3樓
110年春季班 ( 含寒假班 ),高雄市,高雄市鎮港園社區大學,陶自繪館,832高雄市林園區信義路69巷40號
110年春季班 ( 含寒假班 ),高雄市,高雄市鎮港園社區大學,Let's Go樂咖運動館, 832 高雄市林園區鳳林路一段220號3F
110年春季班 ( 含寒假班 ),高雄市,高雄市鎮港園社區大學,瑀熙拉丁藝術舞團,8.86912E+11
110年春季班 ( 含寒假班 ),高雄市,高雄市鎮港園社區大學, 布?屋拼布教室,"高雄市小港區平治街46號	"
110年春季班 ( 含寒假班 ),高雄市,高雄市鎮港園社區大學,戀舞工作室, 812 高雄市高雄市小港區平治街42號
110年春季班 ( 含寒假班 ),高雄市,高雄市鎮港園社區大學,高雄公園老人活動中心,812高雄市小港區中山四路29號
110年春季班 ( 含寒假班 ),高雄市,高雄市鎮港園社區大學,悠靜空間精品咖啡館,83249高雄市林園區仁愛路265號
110年春季班 ( 含寒假班 ),高雄市,高雄市鎮港園社區大學,市立圖書館林園分館,832高雄市林園區林園北路236號
110年春季班 ( 含寒假班 ),高雄市,高雄市鎮港園社區大學,歐克佬精品咖啡,806高雄市前鎮區中山二路13號
110年春季班 ( 含寒假班 ),高雄市,高雄市鎮港園社區大學,市立圖書館前鎮分館,高雄市前鎮區保泰路303號5樓
110年春季班 ( 含寒假班 ),高雄市,高雄市鎮港園社區大學,幸福童愛館,806高雄市前鎮區同安路120號
110年春季班 ( 含寒假班 ),高雄市,高雄市鎮港園社區大學,花栗手作烘焙教室,806高雄市前鎮區南寧街167號
110年春季班 ( 含寒假班 ),高雄市,高雄市鎮港園社區大學,竹西里活動中心,806高雄市前鎮區廣東三街73號3樓
110年春季班 ( 含寒假班 ),高雄市,高雄市鎮港園社區大學,捷運獅甲站教室,806高雄市前鎮區中山三路150號B1(近1號出口)
110年春季班 ( 含寒假班 ),高雄市,高雄市北高雄社區大學,後勁國小,高雄市楠梓區加昌路216號
110年春季班 ( 含寒假班 ),高雄市,高雄市北高雄社區大學,右昌國中,高雄市楠梓區盛昌街161號
110年春季班 ( 含寒假班 ),高雄市,高雄市北高雄社區大學,後勁國中,高雄市楠梓區加昌路180號
110年春季班 ( 含寒假班 ),高雄市,高雄市北高雄社區大學,愛動瑜珈有氧會館,高雄市大社區金龍路120號
110年春季班 ( 含寒假班 ),高雄市,高雄市北高雄社區大學,真正昌社區關懷據點,高雄市楠梓區軍校路880巷36弄18號
110年春季班 ( 含寒假班 ),高雄市,高雄市北高雄社區大學,橋頭圖書館,高雄市橋頭區隆豐路7號
110年春季班 ( 含寒假班 ),高雄市,高雄市北高雄社區大學,秝玨教室,高雄市仁武區仁林路35號
110年春季班 ( 含寒假班 ),高雄市,高雄市北高雄社區大學,翰墨秋水工作室,高雄市楠梓區清豐二路142號
110年春季班 ( 含寒假班 ),高雄市,高雄市北高雄社區大學,楠梓長春藤幼兒園,高雄市楠梓區德賢路380巷26號
110年春季班 ( 含寒假班 ),高雄市,高雄市北高雄社區大學,楠梓農場,高雄市楠梓區(楠梓新路及朝新路交叉口斜角進去到底，竣豐環保有限公司隔壁)
110年春季班 ( 含寒假班 ),高雄市,高雄市北高雄社區大學,楠梓代天府,高雄市楠梓區楠梓西巷45-1號
110年春季班 ( 含寒假班 ),高雄市,高雄市北高雄社區大學,廣昌等四里聯合活動中心,高雄市楠梓區廣昌街175巷37號
110年春季班 ( 含寒假班 ),高雄市,高雄市北高雄社區大學,大社分班,815高雄市大社區大社路116號
110年春季班 ( 含寒假班 ),高雄市,高雄市北高雄社區大學,大社圖書館,高雄市大社區自強街11號
110年春季班 ( 含寒假班 ),高雄市,高雄市北高雄社區大學,楠梓坑圖書館,高雄市楠梓區楠梓路262號(大門在楠梓派出所旁旗楠路上)
110年春季班 ( 含寒假班 ),高雄市,高雄市北高雄社區大學,橋八文創天地,高雄市橋頭區興糖路3號
110年春季班 ( 含寒假班 ),高雄市,高雄市北高雄社區大學,慕嵐手作坊,高雄市仁武區霞海路358號
110年春季班 ( 含寒假班 ),高雄市,高雄市北高雄社區大學,邁爾斯肌地 Miles Fitness,高雄市楠梓區旗楠路122號
110年春季班 ( 含寒假班 ),高雄市,高雄市北高雄社區大學,楠梓國小,高雄市楠梓區楠梓路262號
110年春季班 ( 含寒假班 ),高雄市,高雄市北高雄社區大學,高雄市立圖書館燕巢分館,高雄市燕巢區中民路592號
110年春季班 ( 含寒假班 ),高雄市,高雄市北高雄社區大學,燕巢國中,高雄市燕巢區中興路267號
110年春季班 ( 含寒假班 ),高雄市,高雄市北高雄社區大學,台灣羅馬字協會(仁武分會),高雄市仁武區八德西路1658號
110年春季班 ( 含寒假班 ),高雄市,高雄市北高雄社區大學,享愛 Share Love 烘焙手作藝文空間,高雄市楠梓區青田街58號1 樓
110年春季班 ( 含寒假班 ),高雄市,高雄市北高雄社區大學,楠梓坑辦公室,高雄市楠梓區楠梓東街23號
110年春季班 ( 含寒假班 ),高雄市,高雄市北高雄社區大學,國昌國中,高雄市楠梓區德民路1010號
110年春季班 ( 含寒假班 ),高雄市,高雄市北高雄社區大學,土庫分班,高雄市楠梓區土庫路81號
110年春季班 ( 含寒假班 ),屏東縣,屏東縣屏北區社區大學,校本部,屏東市北興里公裕街300號
110年春季班 ( 含寒假班 ),屏東縣,屏東縣屏北區社區大學,高樹鄉高樹國小,高樹鄉華光路32號
110年春季班 ( 含寒假班 ),屏東縣,屏東縣屏北區社區大學,陳光輝老師工作室,內埔鄉科大路一段36號
110年春季班 ( 含寒假班 ),屏東縣,屏東縣屏北區社區大學,內埔鄉福泉社區活動中心,內埔鄉大同路二段福泉路120號
110年春季班 ( 含寒假班 ),屏東縣,屏東縣屏北區社區大學,內埔鄉內埔國小,內埔鄉廣濟路2號
110年春季班 ( 含寒假班 ),屏東縣,屏東縣屏北區社區大學,鹽埔鄉鹽埔國小,鹽埔鄉光復路90號
110年春季班 ( 含寒假班 ),屏東縣,屏東縣屏北區社區大學,莊竣惟老師工作室,榮發藝術工坊窯場
110年春季班 ( 含寒假班 ),屏東縣,屏東縣屏北區社區大學,九如鄉九如國小,九如鄉九如路二段3-1號
110年春季班 ( 含寒假班 ),屏東縣,屏東縣屏北區社區大學,竹田驛園釀造物產館,竹田鄉豐明路23號
110年春季班 ( 含寒假班 ),屏東縣,屏東縣屏北區社區大學,衛服部屏東醫院安寧病房,屏東市自由路270號
110年春季班 ( 含寒假班 ),屏東縣,屏東縣屏北區社區大學,安提瓜咖啡,屏東市民貴二街56號
110年春季班 ( 含寒假班 ),屏東縣,屏東縣屏北區社區大學,保師傅廚房,屏東市公義街17號
110年春季班 ( 含寒假班 ),屏東縣,屏東縣屏北區社區大學,屏東家扶潮州服務處,屏東縣潮州鎮文化路226號
110年春季班 ( 含寒假班 ),屏東縣,屏東縣屏北區社區大學,香潭幼兒園,屏東縣長治鄉潭頭村合興路13-5號
110年春季班 ( 含寒假班 ),屏東縣,屏東縣屏北區社區大學,學正幼兒園,屏東市建豐路84巷8號
110年春季班 ( 含寒假班 ),屏東縣,屏東縣屏北區社區大學,明?健康生活學苑,屏東市中山路58號
110年春季班 ( 含寒假班 ),屏東縣,屏東縣屏北區社區大學,屏東市中正社區發展協會,屏東市莊敬街二段13號
110年春季班 ( 含寒假班 ),屏東縣,屏東縣屏北區社區大學,萬巒鄉萬巒國小,萬巒鄉萬全村褒忠路 28 號
110年春季班 ( 含寒假班 ),屏東縣,屏東縣屏北區社區大學,潮州鎮信義廣播中心,潮州鎮三林路 186 號
110年春季班 ( 含寒假班 ),屏東縣,屏東縣屏北區社區大學,潮州鎮潮州瑜珈教室,潮州鎮西市路 33 號二樓
110年春季班 ( 含寒假班 ),屏東縣,屏東縣屏北區社區大學,潮州鎮光春國小,潮州鎮志成路 201 號
110年春季班 ( 含寒假班 ),屏東縣,屏東縣屏北區社區大學,潮州鎮葉泉力書法教室,潮州鎮連興路 21 號
110年春季班 ( 含寒假班 ),屏東縣,屏東縣屏北區社區大學,潮州鎮潮州國中,潮州鎮文化路 66 號
110年春季班 ( 含寒假班 ),屏東縣,屏東縣屏北區社區大學,竹田鄉竹田國中,竹田鄉西勢村龍南路 26 號
110年春季班 ( 含寒假班 ),屏東縣,屏東縣屏北區社區大學,鹽埔鄉李秀玉老師工作室,鹽埔鄉新二村彭厝路 64 號
110年春季班 ( 含寒假班 ),屏東縣,屏東縣屏北區社區大學,崁頂學習點,崁頂鄉洲子村光復路 15 之 12號
110年春季班 ( 含寒假班 ),屏東縣,屏東縣屏北區社區大學, 萬丹鄉泉之鄉生活文化館,萬丹鄉水泉村泉利街 95 號
110年春季班 ( 含寒假班 ),屏東縣,屏東縣屏北區社區大學,萬丹鄉水泉村社區活動中心,萬丹鄉水泉興路與丹榮路口
110年春季班 ( 含寒假班 ),屏東縣,屏東縣屏北區社區大學,內埔鄉東寧村活動中心,內埔鄉東寧村民善路 3 號
110年春季班 ( 含寒假班 ),屏東縣,屏東縣屏北區社區大學,氣機導引屏東會館,長治鄉長興路 401-1 號
110年春季班 ( 含寒假班 ),屏東縣,屏東縣屏北區社區大學,吳茂昌老師工作室,里港鄉玉田村玉田路 42-9 號
110年春季班 ( 含寒假班 ),屏東縣,屏東縣屏北區社區大學,里港鄉鐵店社區活動中心,里港鄉鐵店村鐵店路 41-46 號
110年春季班 ( 含寒假班 ),屏東縣,屏東縣屏北區社區大學,里港鄉永春社區活動中心,里港鄉永春村民生路 24-2 號
110年春季班 ( 含寒假班 ),屏東縣,屏東縣屏北區社區大學,里港鄉過江國小,里港鄉過江村過江路 41 號
110年春季班 ( 含寒假班 ),屏東縣,屏東縣屏北區社區大學,九如鄉立圖書館,九如鄉九如路 2 段 264 號
110年春季班 ( 含寒假班 ),屏東縣,屏東縣屏北區社區大學,九如鄉後庄代天府,九如鄉後庄村後庄路 68 號
110年春季班 ( 含寒假班 ),屏東縣,屏東縣屏南區社區大學,恆春校本部,屏東縣恆春鎮恆南路158號
110年春季班 ( 含寒假班 ),屏東縣,屏東縣屏南區社區大學,東港分校,屏東縣東港鎮中正路一段10號
110年春季班 ( 含寒假班 ),屏東縣,屏東縣屏南區社區大學,新園分班,屏東縣新園鄉興清路50號
110年春季班 ( 含寒假班 ),屏東縣,屏東縣屏南區社區大學,枋寮分班,屏東縣枋寮鄉德興路33號
110年春季班 ( 含寒假班 ),屏東縣,屏東縣屏南區社區大學,林邊分班,屏東縣林邊鄉中山路417號
110年春季班 ( 含寒假班 ),屏東縣,屏東縣屏南區社區大學,新埤分班,屏東縣新埤鄉東興路138號
110年春季班 ( 含寒假班 ),屏東縣,屏東縣屏南區社區大學,佳冬分班,屏東縣佳冬鄉進學街150號
110年春季班 ( 含寒假班 ),宜蘭縣,宜蘭縣宜蘭社區大學,校本部,宜蘭縣宜蘭市復興路2段77號
110年春季班 ( 含寒假班 ),宜蘭縣,宜蘭縣宜蘭社區大學,礁溪分班,宜蘭縣礁溪鄉中山路一段326號
110年春季班 ( 含寒假班 ),宜蘭縣,宜蘭縣宜蘭社區大學,結頭份社區活動中心,員山鄉永同路二段186號
110年春季班 ( 含寒假班 ),宜蘭縣,宜蘭縣宜蘭社區大學,頭城喚醒堂,頭城鎮纘祥路39號
110年春季班 ( 含寒假班 ),宜蘭縣,宜蘭縣羅東社區大學,校本部,宜蘭縣羅東鎮興東南路201號
110年春季班 ( 含寒假班 ),宜蘭縣,宜蘭縣羅東社區大學,蘇澳鎮蘇澳分班,宜蘭縣蘇澳鎮隘丁路36號
110年春季班 ( 含寒假班 ),宜蘭縣,宜蘭縣羅東社區大學,五結鄉傳藝分班,宜蘭縣五結鄉五濱路二段201號
110年春季班 ( 含寒假班 ),宜蘭縣,宜蘭縣羅東社區大學,冬山鄉清溝分班,宜蘭縣冬山鄉光明路55號
110年春季班 ( 含寒假班 ),宜蘭縣,宜蘭縣羅東社區大學,二結王公廟分班,宜蘭縣五結鄉舊街二路88號
110年春季班 ( 含寒假班 ),宜蘭縣,宜蘭縣羅東社區大學,蘇澳鎮長安分班,宜蘭縣蘇澳鎮勝利路1號
110年春季班 ( 含寒假班 ),花蓮縣,花蓮縣社區大學,校本部,花蓮市林政街7號
110年春季班 ( 含寒假班 ),花蓮縣,花蓮縣社區大學,花蓮縣社區大學中南區/玉里分班,98141花蓮縣玉里鎮民生街52巷13號
110年春季班 ( 含寒假班 ),臺東縣,臺東縣臺東社區大學,校本部,臺東縣台東市中華路一段684號教學大樓1F原發中心
110年春季班 ( 含寒假班 ),澎湖縣,澎湖縣澎湖社區大學,校本部,澎湖縣馬公市東文里文學路285號
110年春季班 ( 含寒假班 ),金門縣,金門縣金門社區大學,校本部,金門縣金城鎮西海路三段81巷2號
110年秋季班 ( 含暑假班 ),臺北市,臺北市松山社區大學,臺北市中崙高級中學,臺北市松山區八德路4段101號
110年秋季班 ( 含暑假班 ),臺北市,臺北市南港社區大學,成德校本部,臺北市南港區東新街108巷23號
110年秋季班 ( 含暑假班 ),臺北市,臺北市南港社區大學,港工校區,臺北市南港區興中路29號
110年秋季班 ( 含暑假班 ),臺北市,臺北市南港社區大學,南軟教學點,臺北市南港區三重路19-10號
110年秋季班 ( 含暑假班 ),臺北市,臺北市文山社區大學,景美校本部,臺北市文山區景中街27號
110年秋季班 ( 含暑假班 ),臺北市,臺北市文山社區大學,木柵校區,臺北市文山區木柵路三段102巷12號
110年秋季班 ( 含暑假班 ),臺北市,臺北市北投社區大學,校本部,臺北市北投區中山路5-12號
110年秋季班 ( 含暑假班 ),臺北市,臺北市萬華社區大學,龍山國中校本部,臺北市萬華區南寧路46號
110年秋季班 ( 含暑假班 ),臺北市,臺北市萬華社區大學,萬華國中分校區,臺北市萬華區西藏路201號
110年秋季班 ( 含暑假班 ),臺北市,臺北市信義社區大學,校本部,臺北市信義區松仁路158巷1號
110年秋季班 ( 含暑假班 ),臺北市,臺北市內湖社區大學,校本部,臺北市內湖路一段520號
110年秋季班 ( 含暑假班 ),臺北市,臺北市內湖社區大學,白石湖社區發展協會,臺北內湖區碧山路56號
110年秋季班 ( 含暑假班 ),臺北市,臺北市大同社區大學,校本部,臺北市大同區長安西路37-1號
110年秋季班 ( 含暑假班 ),臺北市,臺北市士林社區大學,校本部,臺北市士林區承德路四段177號
110年秋季班 ( 含暑假班 ),臺北市,臺北市大安社區大學,金甌總校區,臺北市大安區杭州南路二段1號
110年秋季班 ( 含暑假班 ),臺北市,臺北市大安社區大學,開平教學點,臺北市大安區復興南路二段148巷24號
110年秋季班 ( 含暑假班 ),臺北市,臺北市大安社區大學,東方教學點,臺北市大安區信義路四段186巷8號
110年秋季班 ( 含暑假班 ),臺北市,臺北市中正社區大學,校本部,臺北市中正區濟南路一段6號 
110年秋季班 ( 含暑假班 ),臺北市,臺北市中山社區大學,校本部,臺北市中山區新生北路三段55號
110年秋季班 ( 含暑假班 ),基隆市,基隆市基隆社區大學,月眉校本部,基隆市月眉路250巷22號
110年秋季班 ( 含暑假班 ),基隆市,基隆市基隆社區大學,仁愛國小城區分部,基隆市仁愛區仁二路139號
110年秋季班 ( 含暑假班 ),基隆市,基隆市基隆社區大學,德和里民活動中心,基隆市復興路206號1樓
110年秋季班 ( 含暑假班 ),基隆市,基隆市基隆社區大學,劉品麗花藝教室,基隆市中山一路121號9樓
110年秋季班 ( 含暑假班 ),基隆市,基隆市基隆社區大學,實踐里民活動中心,基隆市百一街52-1號
110年秋季班 ( 含暑假班 ),基隆市,基隆市基隆社區大學,長興國小,基 龍是東新街3號
110年秋季班 ( 含暑假班 ),基隆市,基隆市基隆社區大學,七堵國小,基隆市明德一路184號
110年秋季班 ( 含暑假班 ),基隆市,基隆市基隆社區大學,黃蠟石文化館,基隆市過港路52號
110年秋季班 ( 含暑假班 ),基隆市,基隆市基隆社區大學,暖暖苗圃舊址,基隆市水源路42-1號
110年秋季班 ( 含暑假班 ),基隆市,基隆市基隆社區大學,碇祥里民活動中心,基隆市碇內街100號
110年秋季班 ( 含暑假班 ),基隆市,基隆市基隆社區大學,劉鳳珠黏土工作室,基隆市安樂路二段樓號之五樓
110年秋季班 ( 含暑假班 ),基隆市,基隆市基隆社區大學,永康關懷據點,基隆市崇德路12巷2之4號
110年秋季班 ( 含暑假班 ),基隆市,基隆市基隆社區大學,三民里民活動中心,基隆市麥金路439巷2號
110年秋季班 ( 含暑假班 ),基隆市,基隆市基隆社區大學,五福里民活動中心,基隆市樂利三街34巷52號
110年秋季班 ( 含暑假班 ),基隆市,基隆市基隆社區大學,鶯歌里民活動中心,基隆市案樂區二段164號9樓
110年秋季班 ( 含暑假班 ),基隆市,基隆市基隆社區大學,橘郡社區休閒館會議室,基隆市麥金路177號4樓
110年秋季班 ( 含暑假班 ),基隆市,基隆市基隆社區大學,中崙里民活動中心,基隆市基金二路3巷3號
110年秋季班 ( 含暑假班 ),基隆市,基隆市基隆社區大學,明日之星市民小劇場,基隆市義一路18號12樓
110年秋季班 ( 含暑假班 ),基隆市,基隆市基隆社區大學,李麗雲藝術工作室,基隆市中正路34號4樓407室
110年秋季班 ( 含暑假班 ),基隆市,基隆市基隆社區大學,港通里民活動中心,基隆市義一路87號7樓之1
110年秋季班 ( 含暑假班 ),基隆市,基隆市基隆社區大學,藝術學成工作坊,基隆市義二路49號3樓
110年秋季班 ( 含暑假班 ),基隆市,基隆市基隆社區大學,八斗國小,基隆市北寧路396巷52號
110年秋季班 ( 含暑假班 ),基隆市,基隆市基隆社區大學,荷塘樂坊,基隆市信一路141巷25號6樓
110年秋季班 ( 含暑假班 ),基隆市,基隆市基隆社區大學,姚姚舞蹈教室,基隆市義三路4巷12號5樓
110年秋季班 ( 含暑假班 ),基隆市,基隆市基隆社區大學,義昭里民活動中心,基隆市信二路157號1樓
110年秋季班 ( 含暑假班 ),基隆市,基隆市基隆社區大學,深美國小,基隆市深美街198號
110年秋季班 ( 含暑假班 ),基隆市,基隆市基隆社區大學,朝棟里民活動中心,基隆市成功一路133巷5號
110年秋季班 ( 含暑假班 ),基隆市,基隆市基隆社區大學,明德里民活動中心,基隆市自來街13巷5之2號
110年秋季班 ( 含暑假班 ),基隆市,基隆市基隆社區大學,和明里民活動中心,基隆市仁二路137巷2弄1之3號
110年秋季班 ( 含暑假班 ),基隆市,基隆市基隆社區大學,玄玄宮九天道場,基隆市愛三路118號12樓
110年秋季班 ( 含暑假班 ),基隆市,基隆市基隆社區大學,樂筑古箏學院,基隆市忠二路29號樓
110年秋季班 ( 含暑假班 ),基隆市,基隆市基隆社區大學,舞度空間,基隆市愛一路34號5樓
110年秋季班 ( 含暑假班 ),基隆市,基隆市基隆社區大學,國民運動中心,基隆市獅球路8-1號
110年秋季班 ( 含暑假班 ),基隆市,基隆市基隆社區大學,旭石田社區工場,基隆市仁三路11-9號3樓
110年秋季班 ( 含暑假班 ),基隆市,基隆市基隆社區大學,成功國小,基隆市獅球路6號
110年秋季班 ( 含暑假班 ),基隆市,基隆市基隆社區大學,信義國小,基隆市仁二路135號
110年秋季班 ( 含暑假班 ),基隆市,基隆市基隆社區大學,大武崙,基隆市安樂區基金二路3巷1號
110年秋季班 ( 含暑假班 ),新北市,新北市永和社區大學,校本部,新北市永和區永利路71號
110年秋季班 ( 含暑假班 ),新北市,新北市板橋社區大學,校本部,新北市板橋區成都街30號
110年秋季班 ( 含暑假班 ),新北市,新北市板橋社區大學,瑞芳社區大學,新北市瑞芳區中山路2號
110年秋季班 ( 含暑假班 ),新北市,新北市板橋社區大學,新北市實踐國小,220新北市板橋區實踐路93巷51號
110年秋季班 ( 含暑假班 ),新北市,新北市板橋社區大學,瑞芳龍山市民活動中心,新北市瑞芳區逢甲路274-2號
110年秋季班 ( 含暑假班 ),新北市,新北市板橋社區大學,新北市平溪國小,新北市平溪區平溪街56號
110年秋季班 ( 含暑假班 ),新北市,新北市蘆荻社區大學,校本部,新北市蘆洲區民族路7號(鷺江國小四維樓)
110年秋季班 ( 含暑假班 ),新北市,新北市蘆荻社區大學,三民高中校區,新北市蘆洲區三民路96號
110年秋季班 ( 含暑假班 ),新北市,新北市蘆荻社區大學,社區灶咖教室,新北市蘆洲區信義路266巷9號
110年秋季班 ( 含暑假班 ),新北市,新北市蘆荻社區大學,鷺江國中校區,新北市蘆洲區長樂路235號
110年秋季班 ( 含暑假班 ),新北市,新北市新莊社區大學,校本部,新北市新莊區中平路135號 ( 新莊高中圖書館1樓)
110年秋季班 ( 含暑假班 ),新北市,新北市林口社區大學,校本部,新北市林口區仁愛路二段173號
110年秋季班 ( 含暑假班 ),新北市,新北市林口社區大學,五股市民活動中心,新北市五股區工商路127號
110年秋季班 ( 含暑假班 ),新北市,新北市林口社區大學,林口國小,新北市林口區林口路76號
110年秋季班 ( 含暑假班 ),新北市,新北市林口社區大學,仁愛活動中心,新北市林口區文化一路一段137號
110年秋季班 ( 含暑假班 ),新北市,新北市林口社區大學,南勢活動中心,新北市林口區南勢二街154號
110年秋季班 ( 含暑假班 ),新北市,新北市林口社區大學,東勢活動中心,新北市林口區麗園一街35號
110年秋季班 ( 含暑假班 ),新北市,新北市新店崇光社區大學,校本部,新北市新店區三民路19號
110年秋季班 ( 含暑假班 ),新北市,新北市新店崇光社區大學,石碇學習點,新北市石碇區靜安路一段245號
110年秋季班 ( 含暑假班 ),新北市,新北市新店崇光社區大學,坪林學習點,新北市坪林區坪林街101號
110年秋季班 ( 含暑假班 ),新北市,新北市新店崇光社區大學,深坑學習點,深坑區北深路一段83巷8弄36號
110年秋季班 ( 含暑假班 ),新北市,新北市新店崇光社區大學,烏來學習點,新北市烏來區新烏路五段111號
110年秋季班 ( 含暑假班 ),新北市,新北市新店崇光社區大學,新店教學點--中華聖母堂,新北市新店區中正路367號
110年秋季班 ( 含暑假班 ),新北市,新北市新店崇光社區大學,新店教學點-博蒂高爾夫球場,新北市新店區中興路三段1號
110年秋季班 ( 含暑假班 ),新北市,新北市淡水社區大學,校本部,新北市淡水區鼻頭街22號
110年秋季班 ( 含暑假班 ),新北市,新北市中和社區大學,校本部,新北市中和區興南路二段3巷17號
110年秋季班 ( 含暑假班 ),新北市,新北市樹林社區大學,校本部,新北市樹林區育英街176號
110年秋季班 ( 含暑假班 ),新北市,新北市樹林社區大學,區務教室,樹林區文化街112巷2號
110年秋季班 ( 含暑假班 ),新北市,新北市樹林社區大學,桃子腳國中小,新北市樹林區學勤路555號
110年秋季班 ( 含暑假班 ),新北市,新北市樹林社區大學,北園活動中心,新北市樹林區佳園路3段15號2樓
110年秋季班 ( 含暑假班 ),新北市,新北市樹林社區大學,潭底教學農地,新北市樹林區保安街一段289巷3號對面
110年秋季班 ( 含暑假班 ),新北市,新北市樹林社區大學,樹林高中,新北市樹林區中華路8號
110年秋季班 ( 含暑假班 ),新北市,新北市樹林社區大學,圳福活動中心,新北市樹林區中正路21-1號2樓
110年秋季班 ( 含暑假班 ),新北市,新北市樹林社區大學,樹西活動中心,新北市樹林區復興路225巷2號
110年秋季班 ( 含暑假班 ),新北市,新北市樹林社區大學,彭福國小,新北市樹林區忠孝街30號
110年秋季班 ( 含暑假班 ),新北市,新北市樹林社區大學,樹林柑園活動中心,新北市樹林區佳園路三段128號
110年秋季班 ( 含暑假班 ),新北市,新北市樹林社區大學,北園活動中心,新北市樹林區佳園路三段15號
110年秋季班 ( 含暑假班 ),新北市,新北市三重社區大學,二重校區,新北市三重區忠孝路三段89號（地下一樓）
110年秋季班 ( 含暑假班 ),新北市,新北市三重社區大學,線上,各班老師所使用雲端系統
110年秋季班 ( 含暑假班 ),新北市,新北市三重社區大學,光榮校區,新北市三重區介壽路32號
110年秋季班 ( 含暑假班 ),新北市,新北市三重社區大學,三重校區,新北市三重區三和路三段1號
110年秋季班 ( 含暑假班 ),新北市,新北市三重社區大學,三和校區,新北市三重區三和路四段216號
110年秋季班 ( 含暑假班 ),新北市,新北市三重社區大學,天台校區,新北市三重區重新路二段78號7樓
110年秋季班 ( 含暑假班 ),新北市,新北市三重社區大學,碧華校區,新北市三重區五華街160號
110年秋季班 ( 含暑假班 ),新北市,新北市三重社區大學,正義校區,新北市三重區信義西街31號
110年秋季班 ( 含暑假班 ),新北市,新北市三重社區大學,厚德校區,新北市三重區忠孝路一段70號
110年秋季班 ( 含暑假班 ),新北市,新北市三鶯社區大學,校本部,新北市三峽區復興路238號
110年秋季班 ( 含暑假班 ),新北市,新北市三鶯社區大學,新北市立北大高中,新北市三峽區大義路277號
110年秋季班 ( 含暑假班 ),新北市,新北市三鶯社區大學,新北市立龍埔國民小學,新北市三峽區大學路6號
110年秋季班 ( 含暑假班 ),新北市,新北市三鶯社區大學,新北市鶯歌區永吉國民小學,新北市鶯歌區德昌二街2號
110年秋季班 ( 含暑假班 ),新北市,新北市三鶯社區大學,新北市立鶯歌高級工商職業學校,新北市鶯歌區中正三路154號
110年秋季班 ( 含暑假班 ),新北市,新北市汐止社區大學,校本部,新北市汐止區大同路二段394號
110年秋季班 ( 含暑假班 ),桃園市,桃園市新楊平社區大學,校本部,桃園市楊梅區新農街337號4F(楊明國中內)
110年秋季班 ( 含暑假班 ),桃園市,桃園市新楊平社區大學,平鎮辦事處,桃園市平鎮區和平路190號
110年秋季班 ( 含暑假班 ),桃園市,桃園市桃園社區大學,校本部,桃園市桃園區經國路276號
110年秋季班 ( 含暑假班 ),桃園市,桃園市中壢社區大學,校本部,桃園市中壢區中正路487巷18號
110年秋季班 ( 含暑假班 ),桃園市,桃園市八德社區大學,校本部,桃園市八德區忠勇街12號
110年秋季班 ( 含暑假班 ),桃園市,桃園市蘆山園社區大學,校本部,桃園市龜山區頂興路2號
110年秋季班 ( 含暑假班 ),新竹縣,新竹縣竹東社區大學,校本部,新竹縣竹東鎮自強路169號
110年秋季班 ( 含暑假班 ),新竹縣,新竹縣竹北社區大學,校本部,新竹縣竹北市中正西路154號
110年秋季班 ( 含暑假班 ),新竹市,新竹市竹塹社區大學,校本部,新竹市民族路33號
110年秋季班 ( 含暑假班 ),新竹市,新竹市科學城社區大學,校本部,新竹市光復路一段512號
110年秋季班 ( 含暑假班 ),新竹市,新竹市科學城社區大學,新竹市東區建華國民中學,新竹市東區學府路2號
110年秋季班 ( 含暑假班 ),新竹市,新竹市科學城社區大學,一品大觀,新竹市東區八德路233號
110年秋季班 ( 含暑假班 ),新竹市,新竹市科學城社區大學,32π青年基地,新竹市東區林森路32號一樓
110年秋季班 ( 含暑假班 ),新竹市,新竹市科學城社區大學,謝迺岳老師工作室,高峰路325巷八弄18號
110年秋季班 ( 含暑假班 ),新竹市,新竹市科學城社區大學,綠水市民活動中心,新竹市東區博愛街106號
110年秋季班 ( 含暑假班 ),新竹市,新竹市科學城社區大學,關新社區,新竹市關新路53號4樓
110年秋季班 ( 含暑假班 ),新竹市,新竹市科學城社區大學,三福宮會議室,新竹市東區民享一街112號土地公廟旁會議室
110年秋季班 ( 含暑假班 ),新竹市,新竹市科學城社區大學,徐氏宗親會,新竹市東區科學園路95號
110年秋季班 ( 含暑假班 ),新竹市,新竹市科學城社區大學,南港市民活動中心,新竹市香山區南港街48之1號
110年秋季班 ( 含暑假班 ),新竹市,新竹市科學城社區大學,科園市民活動中心,新竹市東區民享一街36號
110年秋季班 ( 含暑假班 ),新竹市,新竹市科學城社區大學,三民市民活動中心,新竹市東區中華路二段2-1號
110年秋季班 ( 含暑假班 ),新竹市,新竹市科學城社區大學,東山市民活動中心,新竹市東區食品路155巷27號
110年秋季班 ( 含暑假班 ),新竹市,新竹市竹松社區大學,校本部,新竹市東區南大路521號
110年秋季班 ( 含暑假班 ),苗栗縣,苗栗縣社區大學,校本部,苗栗市至公路251號
110年秋季班 ( 含暑假班 ),苗栗縣,苗栗縣社區大學,國立竹南高中,苗栗縣竹南鎮中正路98號(警衛室2樓)
110年秋季班 ( 含暑假班 ),苗栗縣,苗栗縣社區大學,國立苑裡高中,苗栗縣苑裡鎮育才街100號(國立苑高活動中心)
110年秋季班 ( 含暑假班 ),苗栗縣,苗栗縣大明社區大學,校本部,苗栗市經國路二段485號
110年秋季班 ( 含暑假班 ),苗栗縣,苗栗縣大明社區大學,三義行動教室,苗栗縣三義鄉雙潭村雙連潭110-7號
110年秋季班 ( 含暑假班 ),苗栗縣,苗栗縣大明社區大學,三義行動教室,苗栗縣三義鄉雙湖村106號-2
110年秋季班 ( 含暑假班 ),苗栗縣,苗栗縣大明社區大學,通霄行動教室,苗栗縣通霄鎮通東里中正路8號
110年秋季班 ( 含暑假班 ),苗栗縣,苗栗縣大明社區大學,苑裡行動教室,苗栗縣苑裡鎮房裡里南房2鄰14號
110年秋季班 ( 含暑假班 ),苗栗縣,苗栗縣大明社區大學,造橋行動教室,苗栗縣造橋鄉造橋村14鄰1號
110年秋季班 ( 含暑假班 ),苗栗縣,苗栗縣大明社區大學,頭屋行動教室,苗栗縣頭屋鄉獅潭村1鄰7-6號
110年秋季班 ( 含暑假班 ),苗栗縣,苗栗縣大明社區大學,銅鑼行動教室,苗栗縣銅鑼鄉竹森村4鄰22-1號
110年秋季班 ( 含暑假班 ),苗栗縣,苗栗縣大明社區大學,銅鑼行動教室,苗栗縣銅鑼鄉福興村中山路2-5號
110年秋季班 ( 含暑假班 ),苗栗縣,苗栗縣大明社區大學,三灣行動教室,苗栗縣三灣鄉三灣村肚兜角13鄰22號3樓
110年秋季班 ( 含暑假班 ),苗栗縣,苗栗縣大明社區大學,頭份行動教室,苗栗縣頭份鎮東興路37巷17號
110年秋季班 ( 含暑假班 ),苗栗縣,苗栗縣大明社區大學,西湖行動教室,苗栗縣西湖鄉二湖村2鄰土牛溝16-7號
110年秋季班 ( 含暑假班 ),苗栗縣,苗栗縣大明社區大學,公館行動教室,苗栗縣公館鄉館中村宮前路101號
110年秋季班 ( 含暑假班 ),苗栗縣,苗栗縣大明社區大學,竹南行動教室,苗栗縣竹南鎮中正路92號
110年秋季班 ( 含暑假班 ),臺中市,臺中市文山社區大學,校本部,臺中市西屯區天保街60號
110年秋季班 ( 含暑假班 ),臺中市,臺中市文山社區大學,中工教室,臺中市西屯區中工三路199號2樓
110年秋季班 ( 含暑假班 ),臺中市,臺中市文山社區大學,鹿寮國中,臺中市沙鹿區光華路385號
110年秋季班 ( 含暑假班 ),臺中市,臺中市文山社區大學,沙鹿高工,臺中市沙鹿區臺灣大道7段823號
110年秋季班 ( 含暑假班 ),臺中市,臺中市文山社區大學,重慶國小,臺中市西屯區重慶路358號
110年秋季班 ( 含暑假班 ),臺中市,臺中市文山社區大學,中山國中,臺中市西屯區寧夏路179號
110年秋季班 ( 含暑假班 ),臺中市,臺中市大屯社區大學,校本部,臺中市大里區國中路365號
110年秋季班 ( 含暑假班 ),臺中市,臺中市大屯社區大學,分校,臺中市霧峰區中正路1222號
110年秋季班 ( 含暑假班 ),臺中市,臺中市北屯社區大學,校本部,臺中市北區北屯路10號5樓
110年秋季班 ( 含暑假班 ),臺中市,臺中市北屯社區大學,陳平分部（陳平國小）,臺中市北屯區崇德路三段568號
110年秋季班 ( 含暑假班 ),臺中市,臺中市北屯社區大學,大德分部（大德國中）,臺中市北屯區雷中街2-23號
110年秋季班 ( 含暑假班 ),臺中市,臺中市北屯社區大學,文昌分部（文昌國小）,臺中市北屯區昌平路一段91號
110年秋季班 ( 含暑假班 ),臺中市,臺中市北屯社區大學,東山分部（東山高中）,臺中市北屯區景賢六路200號
110年秋季班 ( 含暑假班 ),臺中市,臺中市北屯社區大學,松竹分部（松竹國小）,臺中市北屯區昌平路二段12號
110年秋季班 ( 含暑假班 ),臺中市,臺中市北屯社區大學,仁美分部（仁美國小）,臺中市北屯區崇德路三段568號
110年秋季班 ( 含暑假班 ),臺中市,臺中市山線社區大學,校本部,臺中市東勢區中泰街88號
110年秋季班 ( 含暑假班 ),臺中市,臺中市山線社區大學,東勢區-復興宮,臺中市東勢區南平里本街南片巷100之1號
110年秋季班 ( 含暑假班 ),臺中市,臺中市山線社區大學,東勢區-上新里活動中心,臺中市東勢區上新里忠孝街150-1號
110年秋季班 ( 含暑假班 ),臺中市,臺中市山線社區大學,東勢區-山城谷中百合教會 ,台中市東勢區正五街17號3樓
110年秋季班 ( 含暑假班 ),臺中市,臺中市山線社區大學,石岡區-樹之王,臺中市石岡區明德路105號
110年秋季班 ( 含暑假班 ),臺中市,臺中市山線社區大學,東勢區-蜻蜓谷,臺中市東勢區東坑路西盛巷60號
110年秋季班 ( 含暑假班 ),臺中市,臺中市山線社區大學,東勢區-梨之鄉,臺中市423東勢區東崎街四段242號
110年秋季班 ( 含暑假班 ),臺中市,臺中市山線社區大學,石岡區-鵲慈中醫,臺中市石岡區石岡街1號
110年秋季班 ( 含暑假班 ),臺中市,臺中市山線社區大學,東勢區-中山國小,臺中市東勢區中泰街88號
110年秋季班 ( 含暑假班 ),臺中市,臺中市山線社區大學,東勢區-文昌廟,臺中市東勢區文昌前街1號
110年秋季班 ( 含暑假班 ),臺中市,臺中市山線社區大學,東勢區-霞米的店,臺中市東勢區第二橫街28號
110年秋季班 ( 含暑假班 ),臺中市,臺中市山線社區大學,新社區-詠惠生技,臺中市新社區大南里興中街42－1號
110年秋季班 ( 含暑假班 ),臺中市,臺中市山線社區大學,東勢區-泰昌里活動中心,臺中市東勢區泰昌里名流街28巷2號
110年秋季班 ( 含暑假班 ),臺中市,臺中市山線社區大學,東勢區-中寧里活動中心,臺中市東勢區中寧里文化街115巷3號
110年秋季班 ( 含暑假班 ),臺中市,臺中市山線社區大學,東勢區-北興里活動中心,臺中市東勢區北興里文化街115巷7號
110年秋季班 ( 含暑假班 ),臺中市,臺中市山線社區大學,新社區-新社高中,臺中市新社區復盛里中和街三段國中巷10號
110年秋季班 ( 含暑假班 ),臺中市,臺中市山線社區大學,新社區-聯合里活動中心,臺中市新社區復盛里興社街二段28-1號
110年秋季班 ( 含暑假班 ),臺中市,臺中市山線社區大學,石岡區-石岡國小,臺中市石岡區石岡街123號
110年秋季班 ( 含暑假班 ),臺中市,臺中市山線社區大學,東勢區-新盛國小,臺中市東勢區新盛街342號
110年秋季班 ( 含暑假班 ),臺中市,臺中市山線社區大學,東勢區-東勢國中,臺中市東勢區東崎路五段415號
110年秋季班 ( 含暑假班 ),臺中市,臺中市山線社區大學,東勢區-東勢國小,臺中市東勢區廣興里第五橫街1號
110年秋季班 ( 含暑假班 ),臺中市,臺中市海線社區大學,校本部,臺中市梧棲區民生街12號
110年秋季班 ( 含暑假班 ),臺中市,臺中市海線社區大學,弘光科技大學,臺中市沙鹿區臺灣大道六段1018號
110年秋季班 ( 含暑假班 ),臺中市,臺中市五權社區大學,校本部,臺中市西區五權路2-3號4F
110年秋季班 ( 含暑假班 ),臺中市,臺中市後驛社區大學,校本部,臺中市東區臺中路283號
110年秋季班 ( 含暑假班 ),臺中市,臺中市南湖社區大學,校本部,臺中市南屯區嶺東路1號
110年秋季班 ( 含暑假班 ),臺中市,臺中市甲安埔社區大學,校本部,臺中市大甲區甲東路512號
110年秋季班 ( 含暑假班 ),臺中市,臺中市甲安埔社區大學,順天分部,臺中市大甲區大安港路67號
110年秋季班 ( 含暑假班 ),臺中市,臺中市甲安埔社區大學,五里聯合活動中心1樓,臺中市大甲區德興路65號
110年秋季班 ( 含暑假班 ),臺中市,臺中市甲安埔社區大學,義和、新美里活動中心1樓,臺中市大甲區義和里中山路一段484巷45號
110年秋季班 ( 含暑假班 ),臺中市,臺中市甲安埔社區大學,大甲國小,臺中市大甲區育德路233號
110年秋季班 ( 含暑假班 ),臺中市,臺中市甲安埔社區大學,太白社區活動中心,臺中市大甲區通天路110-2號
110年秋季班 ( 含暑假班 ),臺中市,臺中市甲安埔社區大學,順天里活動中心,臺中市大甲區順天路146號3樓
110年秋季班 ( 含暑假班 ),臺中市,臺中市甲安埔社區大學,嘟嘟道場,臺中市大甲區經國路95巷13號
110年秋季班 ( 含暑假班 ),臺中市,臺中市甲安埔社區大學,Apple Yoga,臺中市大甲區大安港路53巷3號
110年秋季班 ( 含暑假班 ),臺中市,臺中市甲安埔社區大學,舊文武里活動中心2樓,臺中市大甲區德興路61號
110年秋季班 ( 含暑假班 ),臺中市,臺中市甲安埔社區大學,大甲區農會3樓會議室,臺中市大甲區文武路10號
110年秋季班 ( 含暑假班 ),臺中市,臺中市后豐社區大學,校本部,臺中市豐原區豐東路75號
110年秋季班 ( 含暑假班 ),臺中市,臺中市潭雅神社區大學,校本部,臺中市潭子區中山路二段31號
110年秋季班 ( 含暑假班 ),彰化縣,彰化縣二林社區大學,校本部,彰化縣二林鎮豐田里斗苑路四段500號
110年秋季班 ( 含暑假班 ),彰化縣,彰化縣湖埔社區大學,校本部,彰化縣溪湖鎮太平里文二街14號
110年秋季班 ( 含暑假班 ),彰化縣,彰化縣湖埔社區大學,埔鹽分校,彰化縣埔鹽鄉彰水路一段74號
110年秋季班 ( 含暑假班 ),彰化縣,彰化縣湖埔社區大學,埔心分校,彰化縣埔心鄉員鹿路二段194號
110年秋季班 ( 含暑假班 ),彰化縣,彰化縣鹿秀社區大學,校本部,彰化縣鹿港鎮龍舟路22號3樓
110年秋季班 ( 含暑假班 ),彰化縣,彰化縣鹿秀社區大學,秀水分校,彰化縣秀水鄉中山路257號
110年秋季班 ( 含暑假班 ),彰化縣,彰化縣彰化社區大學,校本部,彰化市福山街348號
110年秋季班 ( 含暑假班 ),彰化縣,彰化縣彰化社區大學,民族路行動教室,彰化市民族路209號
110年秋季班 ( 含暑假班 ),彰化縣,彰化縣美港西社區大學,校本部,彰化縣和美鎮西園路31號
110年秋季班 ( 含暑假班 ),彰化縣,彰化縣美港西社區大學,伸港鄉泉厝社區,彰化縣伸港鄉泉厝路44之3號
110年秋季班 ( 含暑假班 ),彰化縣,彰化縣美港西社區大學,泉州社區活動中心,彰化縣伸港鄉泉州村仁愛路123號
110年秋季班 ( 含暑假班 ),彰化縣,彰化縣美港西社區大學,曾家社區活動中心,彰化縣伸港鄉曾家村曾家路72號
110年秋季班 ( 含暑假班 ),彰化縣,彰化縣美港西社區大學,線西鄉老人會 ,彰化縣線西鄉中央路二段15號
110年秋季班 ( 含暑假班 ),彰化縣,彰化縣美港西社區大學,線西頂犁社區活動中心,彰化縣線西鄉頂犁路48號1號
110年秋季班 ( 含暑假班 ),彰化縣,彰化縣美港西社區大學,線西鄉頂犁社區,彰化縣線西鄉頂犁村頂犁路48-1號
110年秋季班 ( 含暑假班 ),彰化縣,彰化縣美港西社區大學,線西鄉農會,彰化縣線西鄉中央路二段20號
110年秋季班 ( 含暑假班 ),彰化縣,彰化縣美港西社區大學,線西鄉線西社區,彰化縣線西鄉中央路二段536巷31號
110年秋季班 ( 含暑假班 ),彰化縣,彰化縣美港西社區大學,和美鎮中圍社區,彰化縣和美鎮竹社路123號
110年秋季班 ( 含暑假班 ),彰化縣,彰化縣美港西社區大學,和美鎮中寮大庄社區,彰化縣和美鎮桂東路159巷18號
110年秋季班 ( 含暑假班 ),彰化縣,彰化縣美港西社區大學,和美鎮林庚壬議員服務處,彰化縣和美鎮信義路241號
110年秋季班 ( 含暑假班 ),彰化縣,彰化縣美港西社區大學,和美鎮源埤社區,彰化縣和美鎮南安路105號
110年秋季班 ( 含暑假班 ),彰化縣,彰化縣美港西社區大學,國立和美實驗學校,彰化縣和美鎮鹿和路六段115號
110年秋季班 ( 含暑假班 ),彰化縣,彰化縣美港西社區大學,和美鎮新庄社區活動中心 ,彰化縣和美鎮東發路100巷30號
110年秋季班 ( 含暑假班 ),彰化縣,彰化縣美港西社區大學,和美雅溝社區活動中心,彰化縣和美鎮雅溝里南軒路359巷7號
110年秋季班 ( 含暑假班 ),彰化縣,彰化縣美港西社區大學,和美詔安社區活動中心,彰化縣和美鎮彰和路2段176號
110年秋季班 ( 含暑假班 ),彰化縣,彰化縣美港西社區大學,和美竹營社區活動中心,彰化縣和美鎮和頭路237號
110年秋季班 ( 含暑假班 ),彰化縣,彰化縣員永村社區大學,校本部,彰化縣員林市員水路二段313號
110年秋季班 ( 含暑假班 ),彰化縣,彰化縣員永村社區大學,彰化縣育英國民小學,彰化縣員林市光明街31號
110年秋季班 ( 含暑假班 ),彰化縣,彰化縣員永村社區大學,大橋社區活動中心,彰化縣大村鄉中山路三段193巷69號
110年秋季班 ( 含暑假班 ),彰化縣,彰化縣員永村社區大學,彰化縣永靖國民小學,彰化縣永靖鄉中山路二段65號
110年秋季班 ( 含暑假班 ),彰化縣,彰化縣二社田社區大學,校本部,彰化縣田中鎮中州路一段177號
110年秋季班 ( 含暑假班 ),南投縣,南投縣貓羅溪社區大學,校本部,南投縣南投市復興路669號
110年秋季班 ( 含暑假班 ),南投縣,南投縣貓羅溪社區大學,聖三一堂教育大樓,南投縣南投市虎山路104號
110年秋季班 ( 含暑假班 ),南投縣,南投縣貓羅溪社區大學,中寮分校,南投縣中寮鄉永平村永平路316號
110年秋季班 ( 含暑假班 ),南投縣,南投縣貓羅溪社區大學,名間分校,南投縣名間鄉彰南路220號
110年秋季班 ( 含暑假班 ),南投縣,南投縣貓羅溪社區大學,草屯分校,南投縣草屯鎮玉屏路210號
110年秋季班 ( 含暑假班 ),南投縣,南投縣貓羅溪社區大學,古韻箏樂團,南投縣草屯鎮虎山路306號
110年秋季班 ( 含暑假班 ),南投縣,南投縣貓羅溪社區大學,南投縣中寮鄉義和社區發展協會,南投縣中寮鄉永平路447之12號
110年秋季班 ( 含暑假班 ),南投縣,南投縣貓羅溪社區大學,力揚乒乓球運動館,南投縣南投市振興巷109號
110年秋季班 ( 含暑假班 ),南投縣,南投縣貓羅溪社區大學,吳秋植物染工作坊,南投縣中寮鄉永平路85-3號
110年秋季班 ( 含暑假班 ),南投縣,南投縣水沙連社區大學,校本部,南投縣埔里鎮大城里大城路169號
110年秋季班 ( 含暑假班 ),南投縣,南投縣水沙連社區大學,南投縣水沙連社區大學國姓分校,南投縣國姓鄉石門村國姓路237號
110年秋季班 ( 含暑假班 ),南投縣,南投縣水沙連社區大學,南投縣水沙連社區大學魚池分校,南投縣魚池鄉瓊文巷41號
110年秋季班 ( 含暑假班 ),南投縣,南投縣濁水溪社區大學,校本部,南投縣竹山鎮自強路100號
110年秋季班 ( 含暑假班 ),南投縣,南投縣濁水溪社區大學,鹿谷分校,南投縣鹿谷鄉中正路2段174號
110年秋季班 ( 含暑假班 ),南投縣,南投縣濁水溪社區大學,水里分校,南投縣水里鄉民生路68號
110年秋季班 ( 含暑假班 ),南投縣,南投縣濁水溪社區大學,集集分校,南投縣集集鎮東昌巷4號
110年秋季班 ( 含暑假班 ),雲林縣,雲林縣虎尾溪社區大學,校本部,雲林縣虎尾鎮文化路64號
110年秋季班 ( 含暑假班 ),雲林縣,雲林縣虎尾溪社區大學,元長新生國小,雲林縣元長鄉新生路11號
110年秋季班 ( 含暑假班 ),雲林縣,雲林縣虎尾溪社區大學,頂寮村集會所,雲林縣元長鄉1612號
110年秋季班 ( 含暑假班 ),雲林縣,雲林縣虎尾溪社區大學,虎尾建國眷村,雲林縣虎尾鎮
110年秋季班 ( 含暑假班 ),雲林縣,雲林縣虎尾溪社區大學,元長盼望教會,雲林縣元長鄉元西路5號之24號
110年秋季班 ( 含暑假班 ),雲林縣,雲林縣虎尾溪社區大學,馬光教會,雲林縣土庫鎮民權路47號
110年秋季班 ( 含暑假班 ),雲林縣,雲林縣虎尾溪社區大學,褒忠中勝埔姜聯合集會所,雲林縣褒忠鄉
110年秋季班 ( 含暑假班 ),雲林縣,雲林縣虎尾溪社區大學,國來田莊,雲林縣土庫鎮
110年秋季班 ( 含暑假班 ),雲林縣,雲林縣虎尾溪社區大學,耕心有機農場,雲林縣虎尾鎮興南1之20號
110年秋季班 ( 含暑假班 ),雲林縣,雲林縣虎尾溪社區大學,東勢鄉大眾爺廣場,雲林縣東勢鄉四安路路25號
110年秋季班 ( 含暑假班 ),雲林縣,雲林縣虎尾溪社區大學,褒忠鄉-新湖大眾爺廣場,雲林縣褒忠鄉褒忠鄉新湖村新湖2之3號
110年秋季班 ( 含暑假班 ),雲林縣,雲林縣虎尾溪社區大學,中民活動中心,雲林縣褒忠鄉中民村三民路39號
110年秋季班 ( 含暑假班 ),雲林縣,雲林縣虎尾溪社區大學,褒忠國小,雲林縣褒忠鄉中勝路72號
110年秋季班 ( 含暑假班 ),雲林縣,雲林縣虎尾溪社區大學,褒忠國中,雲林縣褒忠鄉中勝路62號
110年秋季班 ( 含暑假班 ),雲林縣,雲林縣虎尾溪社區大學,龍潭社區活動中心,雲林縣東勢鄉仁愛路41號
110年秋季班 ( 含暑假班 ),雲林縣,雲林縣虎尾溪社區大學,復興社區活動中心,雲林縣東勢鄉復興村復興路2號
110年秋季班 ( 含暑假班 ),雲林縣,雲林縣虎尾溪社區大學,長南村社區活動中心,雲林縣元長鄉長南村元南路125號
110年秋季班 ( 含暑假班 ),雲林縣,雲林縣虎尾溪社區大學,元長國中,雲林縣元長鄉長南村元南路16號
110年秋季班 ( 含暑假班 ),雲林縣,雲林縣虎尾溪社區大學,冠廚食品股份有限公司,雲林縣元長鄉頂山路17之25號
110年秋季班 ( 含暑假班 ),雲林縣,雲林縣虎尾溪社區大學,頂寮社區活動中心,雲林縣元長鄉1612號
110年秋季班 ( 含暑假班 ),雲林縣,雲林縣虎尾溪社區大學,元長國小,雲林縣元長鄉元西路76號
110年秋季班 ( 含暑假班 ),雲林縣,雲林縣虎尾溪社區大學,土庫老人會,雲林縣土庫鎮新建路1-6號
110年秋季班 ( 含暑假班 ),雲林縣,雲林縣虎尾溪社區大學,馬光老人會,雲林縣土庫鎮民權路43號
110年秋季班 ( 含暑假班 ),雲林縣,雲林縣虎尾溪社區大學,越港社區活動中心,雲林縣土庫鎮成功路1-10號
110年秋季班 ( 含暑假班 ),雲林縣,雲林縣虎尾溪社區大學,土庫庄役場,雲林縣土庫鎮中山路252號
110年秋季班 ( 含暑假班 ),雲林縣,雲林縣虎尾溪社區大學,越港社區活動中心,雲林縣土庫鎮成功路1-10號
110年秋季班 ( 含暑假班 ),雲林縣,雲林縣虎尾溪社區大學,虎尾鎮三合社區雅槌農園,雲林縣虎尾鎮立仁里5鄰北平路199號
110年秋季班 ( 含暑假班 ),雲林縣,雲林縣虎尾溪社區大學,農博生態園區,雲林縣虎尾鎮建成路
110年秋季班 ( 含暑假班 ),雲林縣,雲林縣虎尾溪社區大學,虎尾國小,雲林縣虎尾鎮明正路88號
110年秋季班 ( 含暑假班 ),雲林縣,雲林縣虎尾溪社區大學,埒內社區活動中心,雲林縣虎尾鎮埒內里埒內143-5號
110年秋季班 ( 含暑假班 ),雲林縣,雲林縣虎尾溪社區大學,平和國小,雲林縣虎尾鎮光復路22號
110年秋季班 ( 含暑假班 ),雲林縣,雲林縣虎尾溪社區大學,Return工作室,雲林縣虎尾鎮文化路100號
110年秋季班 ( 含暑假班 ),雲林縣,雲林縣虎尾溪社區大學,旗艦貨櫃咖啡屋,雲林縣虎尾鎮博愛路63巷65號
110年秋季班 ( 含暑假班 ),雲林縣,雲林縣虎尾溪社區大學,西安社區活動中心,雲林縣虎尾鎮西安里五間厝29鄰80號
110年秋季班 ( 含暑假班 ),雲林縣,雲林縣虎尾溪社區大學,虎尾興南有機農業推廣中心,雲林縣虎尾鎮興南80-3號
110年秋季班 ( 含暑假班 ),雲林縣,雲林縣虎尾溪社區大學,廉使社區活動中心,雲林縣虎尾鎮廉使里7鄰廉使1020號
110年秋季班 ( 含暑假班 ),雲林縣,雲林縣虎尾溪社區大學,虎尾多功能活動中心,雲林縣虎尾鎮平和里大成街123號
110年秋季班 ( 含暑假班 ),雲林縣,雲林縣虎尾溪社區大學,虎尾鎮西安社區活動中心,雲林縣虎尾鎮西安里五間厝29鄰80號
110年秋季班 ( 含暑假班 ),雲林縣,雲林縣山線社區大學,校本部,雲林縣斗六市大學路三段123號 設計二館dc121a
110年秋季班 ( 含暑假班 ),雲林縣,雲林縣山線社區大學,雲林國中,雲林縣斗六市明德路599號
110年秋季班 ( 含暑假班 ),雲林縣,雲林縣海線社區大學,校本部,雲林縣北港鎮成功路30號
110年秋季班 ( 含暑假班 ),雲林縣,雲林縣海線社區大學,四湖石頭屋,雲林縣四湖鄉中正路514巷59號
110年秋季班 ( 含暑假班 ),雲林縣,雲林縣海線社區大學,北港農工,雲林縣北港鎮太平路80號
110年秋季班 ( 含暑假班 ),雲林縣,雲林縣海線社區大學,松西村活動中心,雲林縣水林鄉松西村後厝路59號旁
110年秋季班 ( 含暑假班 ),雲林縣,雲林縣海線社區大學,張老師音樂教室,雲林縣四湖鄉新市街158號
110年秋季班 ( 含暑假班 ),雲林縣,雲林縣海線社區大學,薇舞薇動舞蹈教室,雲林縣北港鎮義民路209巷4號5樓號
110年秋季班 ( 含暑假班 ),雲林縣,雲林縣海線社區大學,秀惠拼布工房,雲林縣北港鎮樹腳里武德街23號
110年秋季班 ( 含暑假班 ),雲林縣,雲林縣海線社區大學,建國中學,雲林縣北港鎮大同路468號
110年秋季班 ( 含暑假班 ),雲林縣,雲林縣海線社區大學,內湖國小,雲林縣四湖鄉三塊厝123號
110年秋季班 ( 含暑假班 ),雲林縣,雲林縣海線社區大學,柯蔡宗親會,雲林縣北港鎮北港鎮華勝路445巷18號
110年秋季班 ( 含暑假班 ),雲林縣,雲林縣海線社區大學,宜梧國中,雲林縣口湖鄉光明路1號
110年秋季班 ( 含暑假班 ),雲林縣,雲林縣平原社區大學,校本部,雲林縣西螺鎮延平路92號
110年秋季班 ( 含暑假班 ),雲林縣,雲林縣平原社區大學,72ART,雲林縣西螺鎮延平路72號
110年秋季班 ( 含暑假班 ),雲林縣,雲林縣平原社區大學,青銀共學中心,雲林縣西螺鎮延平路81號
110年秋季班 ( 含暑假班 ),雲林縣,雲林縣平原社區大學,三村聯合活動中心,雲林縣崙背鄉民權路386號
110年秋季班 ( 含暑假班 ),雲林縣,雲林縣平原社區大學,麥寮閭山宮,雲林縣麥寮鄉中山路200巷80號
110年秋季班 ( 含暑假班 ),雲林縣,雲林縣平原社區大學,東興國小,雲林縣崙背鄉東興路1號
110年秋季班 ( 含暑假班 ),雲林縣,雲林縣平原社區大學,麥寮鎮南宮,雲林縣麥寮鄉新興路27-6號
110年秋季班 ( 含暑假班 ),雲林縣,雲林縣平原社區大學,三盛社區活動中心,麥寮鄉仁德西路一段26號
110年秋季班 ( 含暑假班 ),雲林縣,雲林縣平原社區大學,麥寮國小,雲林縣麥寮鄉中山路260號
110年秋季班 ( 含暑假班 ),雲林縣,雲林縣平原社區大學,麥寮高中,雲林縣麥寮鄉中興路310號
110年秋季班 ( 含暑假班 ),雲林縣,雲林縣平原社區大學,老土藝術工作坊,雲林縣崙背鄉仁愛街42-3號
110年秋季班 ( 含暑假班 ),雲林縣,雲林縣平原社區大學,詔安客家文化館,雲林縣崙背鄉民生路28-8號
110年秋季班 ( 含暑假班 ),雲林縣,雲林縣平原社區大學,明德寺,雲林縣臺西鄉忠孝路114號
110年秋季班 ( 含暑假班 ),雲林縣,雲林縣平原社區大學,臺西救國團,雲林縣臺西鄉五港路100-2號
110年秋季班 ( 含暑假班 ),雲林縣,雲林縣平原社區大學,臺西國小海洋藝術館,雲林縣臺西鄉民權路9號
110年秋季班 ( 含暑假班 ),雲林縣,雲林縣平原社區大學,二崙老人會,雲林縣二崙鄉中正路90號
110年秋季班 ( 含暑假班 ),雲林縣,雲林縣平原社區大學,丸莊醬油觀光工廠,雲林縣西螺鎮延平路25號
110年秋季班 ( 含暑假班 ),雲林縣,雲林縣平原社區大學,永興宮,雲林縣西螺鎮大橋路8號
110年秋季班 ( 含暑假班 ),雲林縣,雲林縣平原社區大學,中山國小,雲林縣西螺鎮新街2號
110年秋季班 ( 含暑假班 ),雲林縣,雲林縣平原社區大學,文昌國小,雲林縣西螺鎮延平路504號
110年秋季班 ( 含暑假班 ),嘉義縣,嘉義縣邑米社區大學,校本部,嘉義縣中埔鄉和興路91號
110年秋季班 ( 含暑假班 ),嘉義縣,嘉義縣邑山社區大學,校本部,嘉義縣民雄鄉北斗村北勢仔17號
110年秋季班 ( 含暑假班 ),嘉義市,嘉義市嘉義社區大學,校本部,嘉義市東區彌陀路253號
110年秋季班 ( 含暑假班 ),嘉義市,嘉義市嘉義社區大學,農園教室,嘉義市世賢路四段210號巷內 [志航國小對面]
110年秋季班 ( 含暑假班 ),嘉義市,嘉義市博愛社區大學,校本部,嘉義市博愛路二段241號
110年秋季班 ( 含暑假班 ),臺南市,臺南市臺南社區大學,後甲國中,臺南市東區林森路二段260號
110年秋季班 ( 含暑假班 ),臺南市,臺南市臺南社區大學,海尾朝皇宮,臺南市安南區海中街101巷10號
110年秋季班 ( 含暑假班 ),臺南市,臺南市臺南社區大學,大成國中,臺南市南區西門路一段306號
110年秋季班 ( 含暑假班 ),臺南市,臺南市臺南社區大學,新興國中,臺南市南區新孝路87號
110年秋季班 ( 含暑假班 ),臺南市,臺南市臺南社區大學,成功國中,臺南市北區和緯路一段2號
110年秋季班 ( 含暑假班 ),臺南市,臺南市臺南社區大學,台南地區農會,臺南市安南區安中路二段300號1樓
110年秋季班 ( 含暑假班 ),臺南市,臺南市臺南社區大學,安順里活動中心,臺南市安南區育安街211號
110年秋季班 ( 含暑假班 ),臺南市,臺南市臺南社區大學,溪心里活動中心,臺南市安南區功安一街162號
110年秋季班 ( 含暑假班 ),臺南市,臺南市臺南社區大學,海西里活動中心,臺南市安南區海環街186號
110年秋季班 ( 含暑假班 ),臺南市,臺南市臺南社區大學,海東里活動中心,臺南市安南區海佃路二段509巷65號
110年秋季班 ( 含暑假班 ),臺南市,臺南市臺南社區大學,鄭子寮福安宮,臺南市北區北成路212號
110年秋季班 ( 含暑假班 ),臺南市,臺南市臺南社區大學,中州寮保安宮,臺南市安南區長和路三段96號
110年秋季班 ( 含暑假班 ),臺南市,臺南市臺南社區大學,台江文化中心,臺南市安南區安吉路一段207號
110年秋季班 ( 含暑假班 ),臺南市,臺南市臺南社區大學,溪南寮興安宮,臺南市安南區安興街435巷12號
110年秋季班 ( 含暑假班 ),臺南市,臺南市臺南社區大學,總頭寮興安宮,臺南市安南區長溪路二段561號
110年秋季班 ( 含暑假班 ),臺南市,臺南市臺南社區大學,溪頂寮保安宮,臺南市安南區安和路一段220巷52號
110年秋季班 ( 含暑假班 ),臺南市,臺南市臺南社區大學,溪頂寮代天宮,臺南市安南區安西一街26號
110年秋季班 ( 含暑假班 ),臺南市,臺南市臺南社區大學,舊和順慈安宮,臺南市安南區安和路四段25巷32號
110年秋季班 ( 含暑假班 ),臺南市,臺南市臺南社區大學,海尾代天宮,臺南市安南區海中街169巷59之1號
110年秋季班 ( 含暑假班 ),臺南市,臺南市北門社區大學,校本部,臺南市佳里區安南路523號
110年秋季班 ( 含暑假班 ),臺南市,臺南市北門社區大學,巧婦織布工藝工作室,臺南市學甲區中山路116號
110年秋季班 ( 含暑假班 ),臺南市,臺南市北門社區大學,將軍區 將軍圖書館,臺南市將軍區忠嘉里忠興180-50號
110年秋季班 ( 含暑假班 ),臺南市,臺南市北門社區大學,學甲區 光華社區活動中心,臺南市學甲區光華里8鄰過港子65號
110年秋季班 ( 含暑假班 ),臺南市,臺南市北門社區大學,學甲區 Cora姐姐手作工坊,臺南市學甲區東興街61號
110年秋季班 ( 含暑假班 ),臺南市,臺南市北門社區大學,學甲區 In Caf?時尚咖啡,臺南市學甲區民權路97號
110年秋季班 ( 含暑假班 ),臺南市,臺南市北門社區大學,七股區 後港國中,臺南市七股區大潭里頂潭93號
110年秋季班 ( 含暑假班 ),臺南市,臺南市北門社區大學,西港區 西港國中,臺南市西港區文化路41號
110年秋季班 ( 含暑假班 ),臺南市,臺南市北門社區大學,佳里區 侯老師工作室,臺南市佳里區新生路57號
110年秋季班 ( 含暑假班 ),臺南市,臺南市北門社區大學,佳里區 緣內多SAP會館,臺南市佳里區佳東路211號
110年秋季班 ( 含暑假班 ),臺南市,臺南市北門社區大學,佳里區 台福新生命基督教會,臺南市佳里區光華街156號
110年秋季班 ( 含暑假班 ),臺南市,臺南市北門社區大學,佳里區 佛天宮,臺南市文化路672號
110年秋季班 ( 含暑假班 ),臺南市,臺南市北門社區大學,佳里區 昭清宮,臺南市佳里區安西里118之3號
110年秋季班 ( 含暑假班 ),臺南市,臺南市北門社區大學,佳里區 安西關懷據點,臺南市佳里區光華街150巷2-2號
110年秋季班 ( 含暑假班 ),臺南市,臺南市北門社區大學,佳里區 佳興國小,臺南市佳里區佳化里214號
110年秋季班 ( 含暑假班 ),臺南市,臺南市北門社區大學,佳里區 信義國小,臺南市佳里區信義一街336號
110年秋季班 ( 含暑假班 ),臺南市,臺南市曾文社區大學,校本部-真理大學台南校區,臺南市麻豆區北勢寮70-11號
110年秋季班 ( 含暑假班 ),臺南市,臺南市曾文社區大學,玉井國小,臺南市玉井區中正路1號
110年秋季班 ( 含暑假班 ),臺南市,臺南市曾文社區大學,總爺國小,臺南市麻豆區總爺104號
110年秋季班 ( 含暑假班 ),臺南市,臺南市曾文社區大學,總爺藝文中心,臺南市麻豆區南勢里總爺5號
110年秋季班 ( 含暑假班 ),臺南市,臺南市曾文社區大學,麻豆國小,臺南市麻豆區文昌路18號
110年秋季班 ( 含暑假班 ),臺南市,臺南市曾文社區大學,麻豆驢子廚房,臺南市麻豆區港尾里客子寮36-32號
110年秋季班 ( 含暑假班 ),臺南市,臺南市曾文社區大學,麻豆心玥瑜珈教室,臺南市麻豆區晉江里民權路26-1號3樓
110年秋季班 ( 含暑假班 ),臺南市,臺南市曾文社區大學,麻豆歌唱教室,臺南市麻豆區磚井里139之17號
110年秋季班 ( 含暑假班 ),臺南市,臺南市曾文社區大學,麻豆烘焙教室,臺南市麻豆區民權路91巷16-5號
110年秋季班 ( 含暑假班 ),臺南市,臺南市曾文社區大學,麻豆舞蹈教室,臺南市麻豆區麻豆口54-7號
110年秋季班 ( 含暑假班 ),臺南市,臺南市曾文社區大學,麻豆格子布拼布工作室,臺南市麻豆區大埕里65號
110年秋季班 ( 含暑假班 ),臺南市,臺南市曾文社區大學,麻豆工藝之家,臺南市麻豆區油車里18號
110年秋季班 ( 含暑假班 ),臺南市,臺南市曾文社區大學,麻豆聖王宮,臺南市麻豆區大同街26-1號
110年秋季班 ( 含暑假班 ),臺南市,臺南市曾文社區大學,麻豆龍鳳宮,臺南市麻豆區大埕里中正路139號
110年秋季班 ( 含暑假班 ),臺南市,臺南市曾文社區大學,官田天一中藥生活園區,臺南事官田區工業路31號
110年秋季班 ( 含暑假班 ),臺南市,臺南市曾文社區大學,官田台南鴨莊,臺南市官田區渡頭里三塊厝78-1號
110年秋季班 ( 含暑假班 ),臺南市,臺南市曾文社區大學,六甲區七甲里活動中心,臺南市六甲區七甲街89巷4號
110年秋季班 ( 含暑假班 ),臺南市,臺南市曾文社區大學,六甲農家院子,臺南市六甲區中正路118號
110年秋季班 ( 含暑假班 ),臺南市,臺南市曾文社區大學,六甲恆安宮,臺南市六甲區仁愛街38號
110年秋季班 ( 含暑假班 ),臺南市,臺南市曾文社區大學,玉井民眾服務社,臺南市玉井區中正路3號
110年秋季班 ( 含暑假班 ),臺南市,臺南市曾文社區大學,玉井德蘭啟智中心,臺南市玉井區中華路200號
110年秋季班 ( 含暑假班 ),臺南市,臺南市曾文社區大學,玉井分校-市場內佳家童裝,臺南市玉井區中正路21巷43號
110年秋季班 ( 含暑假班 ),臺南市,臺南市曾文社區大學,六甲國中,臺南市六甲區民權路43號
110年秋季班 ( 含暑假班 ),臺南市,臺南市永康社區大學,大灣高中校本部,臺南市永康區文賢街68巷1號
110年秋季班 ( 含暑假班 ),臺南市,臺南市永康社區大學,臺南高工分校,臺南市永康區中山南路193號
110年秋季班 ( 含暑假班 ),臺南市,臺南市永康社區大學,崑山分班-崑山教會,臺南市永康區國光二街11號
110年秋季班 ( 含暑假班 ),臺南市,臺南市永康社區大學,大橋分班-安內咖啡館,臺南市永康區大橋一街73巷34號
110年秋季班 ( 含暑假班 ),臺南市,臺南市永康社區大學,復華分班-愛木工作坊,臺南市永康區復華三街5-1號
110年秋季班 ( 含暑假班 ),臺南市,臺南市永康社區大學,成功分班-南瀛眷村文化館,臺南市永康區中華路58巷70號
110年秋季班 ( 含暑假班 ),臺南市,臺南市永康社區大學,龍潭分班-龍潭天壇,臺南市永康區龍國街351號
110年秋季班 ( 含暑假班 ),臺南市,臺南市永康社區大學,烏竹分班-烏竹里活動中心,臺南市永康區烏竹北街85號
110年秋季班 ( 含暑假班 ),臺南市,臺南市永康社區大學,王行分班-王行里活動中心,臺南市永康區王行路866巷29弄118號
110年秋季班 ( 含暑假班 ),臺南市,臺南市新營社區大學,校本部,臺南市新營區民族路4-3號
110年秋季班 ( 含暑假班 ),臺南市,臺南市新營社區大學,新營南瀛綠都心公園地下室,新營區中正路23號
110年秋季班 ( 含暑假班 ),臺南市,臺南市新營社區大學,惠影烙畫手作工作室,臺南市新營區民生路43-53號
110年秋季班 ( 含暑假班 ),臺南市,臺南市新營社區大學,後壁國小,臺南市後壁區195號
110年秋季班 ( 含暑假班 ),臺南市,臺南市新營社區大學,竹居自然農園,臺南市後壁區新東里100之80號
110年秋季班 ( 含暑假班 ),臺南市,臺南市新營社區大學,柳營代天院,臺南市柳營區中山西路一段362號
110年秋季班 ( 含暑假班 ),臺南市,臺南市新營社區大學,白河福安宮,臺南市白河區中山路124號
110年秋季班 ( 含暑假班 ),臺南市,臺南市新營社區大學,鳳安宮,臺南市東山區福安街2號
110年秋季班 ( 含暑假班 ),臺南市,臺南市新營社區大學,臺南市東山區東山國小,臺南市東山區青葉路二段49號
110年秋季班 ( 含暑假班 ),臺南市,臺南市新營社區大學,柳營聯合活動中心,臺南市柳營區中山西路二段19巷31弄35號
110年秋季班 ( 含暑假班 ),臺南市,臺南市新營社區大學,小腳腿多功能活動中心,臺南市柳營區226-1號
110年秋季班 ( 含暑假班 ),臺南市,臺南市新營社區大學,曬書店×新營市民學堂,臺南市新營區中山路93-2號2樓
110年秋季班 ( 含暑假班 ),臺南市,臺南市新營社區大學,柳營國中,臺南市柳營區中山東路二段956號
110年秋季班 ( 含暑假班 ),臺南市,臺南市新營社區大學,臺南市鹽水區鹽水國民小學,臺南市鹽水區朝琴路137號
110年秋季班 ( 含暑假班 ),臺南市,臺南市新營社區大學,臺南市新營區新東里活動中心,臺南市新營區東仁街10巷39號
110年秋季班 ( 含暑假班 ),臺南市,臺南市新營社區大學,臺南市立新營體育場,臺南市新營區長榮路二段78號
110年秋季班 ( 含暑假班 ),臺南市,臺南市新營社區大學,新營文化中心,臺南市新營區中正路23號
110年秋季班 ( 含暑假班 ),臺南市,臺南市新營社區大學,臺南市立南新國民中學,臺南市新營區民治路65號
110年秋季班 ( 含暑假班 ),臺南市,臺南市新營社區大學,臺南市立南梓實驗小學,臺南市新營區建業路191號
110年秋季班 ( 含暑假班 ),臺南市,臺南市新營社區大學,臺南市新營區新泰國民小學,臺南市新營區東學路77號
110年秋季班 ( 含暑假班 ),臺南市,臺南市新營社區大學,臺南市新營區新進國民小學,新營區中正路41號
110年秋季班 ( 含暑假班 ),臺南市,臺南市新化社區大學,新化國中,臺南市新化區中興路722號
110年秋季班 ( 含暑假班 ),臺南市,臺南市新化社區大學,南化教會,臺南市南化區南化里124號
110年秋季班 ( 含暑假班 ),臺南市,臺南市新化社區大學,花躲田間,臺南市臺南市新市區南136線道路上 （靠近新市區大社里大社關懷據點-大社里605號前200公尺) 
110年秋季班 ( 含暑假班 ),臺南市,臺南市新化社區大學,私人據點,臺南市善化區牛庄里38-18號
110年秋季班 ( 含暑假班 ),臺南市,臺南市新化社區大學,六分社區活動中心,臺南市善化區六分里六分寮471號
110年秋季班 ( 含暑假班 ),臺南市,臺南市新化社區大學,梟種籽文創學堂,臺南市善化區中華路173-161對面貨櫃屋 
110年秋季班 ( 含暑假班 ),臺南市,臺南市新化社區大學,六分寮據點,臺南市善化區六分寮26-1號
110年秋季班 ( 含暑假班 ),臺南市,臺南市新化社區大學,原文欣幼稚園,臺南市善化區建國路136號
110年秋季班 ( 含暑假班 ),臺南市,臺南市新化社區大學,茄拔國小,臺南市善化區嘉北里280號
110年秋季班 ( 含暑假班 ),臺南市,臺南市新化社區大學,南科社區中心,臺南市新市區大順三路125號3樓
110年秋季班 ( 含暑假班 ),臺南市,臺南市新化社區大學,何瑪玩樂烘培工作室,臺南市新化區知義里新和庄18之9號
110年秋季班 ( 含暑假班 ),臺南市,臺南市新化社區大學,山上圖書館,臺南市山上區南洲53號
110年秋季班 ( 含暑假班 ),臺南市,臺南市新化社區大學,東勢寮社區活動中心,臺南市善化區東隆里186之5號
110年秋季班 ( 含暑假班 ),臺南市,臺南市新化社區大學,虎頭埤風景區,臺南市新化區中興路42巷36號
110年秋季班 ( 含暑假班 ),臺南市,臺南市新化社區大學,南化社區發展協會,臺南市南化區南化里172之1號
110年秋季班 ( 含暑假班 ),臺南市,臺南市新化社區大學,南化中坑里活動中心,臺南市南化區中坑里38之6號
110年秋季班 ( 含暑假班 ),臺南市,臺南市新化社區大學,南化國中,臺南市南化區227號
110年秋季班 ( 含暑假班 ),臺南市,臺南市新化社區大學,公館社區發展協會,臺南市左鎮區岡林里31號
110年秋季班 ( 含暑假班 ),臺南市,臺南市新化社區大學,牛庄社區活動中心,臺南市善化區牛庄里138之2號
110年秋季班 ( 含暑假班 ),臺南市,臺南市新化社區大學,陽光真愛青少年夢工廠,臺南市新化區中山路167號
110年秋季班 ( 含暑假班 ),臺南市,臺南市新化社區大學,山腳下園藝,臺南市新化區山?里78號 
110年秋季班 ( 含暑假班 ),臺南市,臺南市新化社區大學,南化社區關懷據點,臺南市南化區南化里230號
110年秋季班 ( 含暑假班 ),臺南市,臺南市新化社區大學,善化小新營三代祖師廟,臺南市善化區小新里97號
110年秋季班 ( 含暑假班 ),臺南市,臺南市新化社區大學,新化正新國小,臺南市新化區正新路97號
110年秋季班 ( 含暑假班 ),臺南市,臺南市新化社區大學,東勢寮活動中心,臺南市善化區東勢寮東隆里186-5號
110年秋季班 ( 含暑假班 ),臺南市,臺南市新化社區大學,善化小新國小,臺南市善化區小新里97-3 號
110年秋季班 ( 含暑假班 ),臺南市,臺南市新化社區大學,山上社區活動中心,臺南市山上區山上里134之1號
110年秋季班 ( 含暑假班 ),臺南市,臺南市新化社區大學,左鎮澄山,臺南市左鎮區澄山里77之2號
110年秋季班 ( 含暑假班 ),臺南市,臺南市新化社區大學,善化高中,臺南市善化區大成路195號
110年秋季班 ( 含暑假班 ),臺南市,臺南市新化社區大學,善化國小,臺南市善化區進學路63號
110年秋季班 ( 含暑假班 ),臺南市,臺南市新化社區大學,善化東勢寮田間學堂,臺南市善化區南129鄉道23號
110年秋季班 ( 含暑假班 ),臺南市,臺南市新化社區大學,安定國中,臺南市安定區安加里262之1號
110年秋季班 ( 含暑假班 ),臺南市,臺南市新化社區大學,中榮社區活動中心,臺南市安定區中榮里許中營27之1號
110年秋季班 ( 含暑假班 ),臺南市,臺南市新化社區大學,新市國小,臺南市新市區中興街1號
110年秋季班 ( 含暑假班 ),臺南市,臺南市新化社區大學,新市社內社區,臺南市新市區社內里91之22號
110年秋季班 ( 含暑假班 ),臺南市,臺南市新化社區大學,新市大營,臺南市新市區大營里豐榮55號
110年秋季班 ( 含暑假班 ),臺南市,臺南市新化社區大學,新市張氏農場,臺南市新市區大社里430號
110年秋季班 ( 含暑假班 ),臺南市,臺南市新化社區大學,二馬陶藝工作室,臺南市新化區民生路15之1號
110年秋季班 ( 含暑假班 ),臺南市,臺南市新化社區大學,新化成功書香園,臺南市新化區中興路377號
110年秋季班 ( 含暑假班 ),臺南市,臺南市新化社區大學,新化老街咖啡,臺南市新化區中正路421號
110年秋季班 ( 含暑假班 ),臺南市,臺南市南關社區大學,校本部,臺南市歸仁區中正北路一段148號
110年秋季班 ( 含暑假班 ),臺南市,臺南市南關社區大學,仁德分部,臺南市仁德區正義一街39號
110年秋季班 ( 含暑假班 ),臺南市,臺南市南關社區大學,郭福助農場,臺南市歸仁區歸仁北段
110年秋季班 ( 含暑假班 ),臺南市,臺南市南關社區大學,吉田田有機農場,臺南市仁德區文華路二段358巷201弄9-2號
110年秋季班 ( 含暑假班 ),臺南市,臺南市南關社區大學,董炎山工作室,臺南市東山區大客里46-18號
110年秋季班 ( 含暑假班 ),臺南市,臺南市南關社區大學,李金昇工作室,臺南市關廟區新埔里新埔三街32號
110年秋季班 ( 含暑假班 ),臺南市,臺南市南關社區大學,王源和工作室,臺南市歸仁區中正北路一段191-1號
110年秋季班 ( 含暑假班 ),臺南市,臺南市南關社區大學,歸仁國中,臺南市歸仁區文化街二段2號
110年秋季班 ( 含暑假班 ),高雄市,高雄市旗美社區大學,校本部,高雄市旗山區樹人路21號
110年秋季班 ( 含暑假班 ),高雄市,高雄市旗美社區大學,萬山社區發展協會(多功能活動中心),851高雄市茂林區Unnamed Road
110年秋季班 ( 含暑假班 ),高雄市,高雄市旗美社區大學,義寶社區活動中心,高雄市六龜區義寶里維新街1巷2號
110年秋季班 ( 含暑假班 ),高雄市,高雄市旗美社區大學,欣園製茶,高雄市六龜區和平路43號
110年秋季班 ( 含暑假班 ),高雄市,高雄市旗美社區大學,觀亭社區萃文書院,高雄市內門區中正路203號
110年秋季班 ( 含暑假班 ),高雄市,高雄市旗美社區大學,鍾理和紀念館及鄰近地區,高雄市美濃區廣林里朝元95號
110年秋季班 ( 含暑假班 ),高雄市,高雄市旗美社區大學,築夢新故鄉社區烘焙教室,高雄市杉林區合心路146巷2號
110年秋季班 ( 含暑假班 ),高雄市,高雄市旗美社區大學,潤惠餐廳,高雄市美濃區福美路320號
110年秋季班 ( 含暑假班 ),高雄市,高雄市旗美社區大學,福安國小,高雄市美濃區中山路二段358號
110年秋季班 ( 含暑假班 ),高雄市,高雄市旗美社區大學,旗尾曾氏米廠,高雄市旗山區崙北巷7-4號
110年秋季班 ( 含暑假班 ),高雄市,高雄市旗美社區大學,旗山區公共體育場,高雄市旗山區華中街
110年秋季班 ( 含暑假班 ),高雄市,高雄市旗美社區大學,湄洲里活動中心,高雄市旗山區文中路4號
110年秋季班 ( 含暑假班 ),高雄市,高雄市旗美社區大學,傅氏祠堂,高雄市美濃區廣興路601巷65號
110年秋季班 ( 含暑假班 ),高雄市,高雄市旗美社區大學,雪光老師音樂教室,高雄市美濃區雙峰街18號
110年秋季班 ( 含暑假班 ),高雄市,高雄市旗美社區大學,陶敏窯工作室,高雄市旗山區義德街33巷3號
110年秋季班 ( 含暑假班 ),高雄市,高雄市旗美社區大學,徐萍有氧瑜珈教室,高雄市旗山區延平一路655之2號3樓
110年秋季班 ( 含暑假班 ),高雄市,高雄市旗美社區大學,徐牙醫診所2樓,高雄市美濃區中正路二段765號
110年秋季班 ( 含暑假班 ),高雄市,高雄市旗美社區大學,美濃水圳旁教室,高雄市美濃區永安路341號
110年秋季班 ( 含暑假班 ),高雄市,高雄市旗美社區大學,和安社區活動中心,高雄市甲仙區中山路56號
110年秋季班 ( 含暑假班 ),高雄市,高雄市旗美社區大學,江荷畫築工作室,高雄市美濃區福安街15巷9-1號
110年秋季班 ( 含暑假班 ),高雄市,高雄市旗美社區大學,甲仙區文化路32號,高雄市甲仙區文化路32號
110年秋季班 ( 含暑假班 ),高雄市,高雄市旗美社區大學,月光山下,高雄市杉林區月美里桐竹路208號
110年秋季班 ( 含暑假班 ),高雄市,高雄市第一社區大學,校本部,高雄市市中一路339號
110年秋季班 ( 含暑假班 ),高雄市,高雄市第一社區大學,第一社區大學福東校區,高雄市苓雅區福德三路96號
110年秋季班 ( 含暑假班 ),高雄市,高雄市第一社區大學,高雄歷史博物館,高雄市鹽埕區中正四路272號
110年秋季班 ( 含暑假班 ),高雄市,高雄市第一社區大學,旗津tha?k冊,高雄市旗津區通山路42巷2號
110年秋季班 ( 含暑假班 ),高雄市,高雄市第一社區大學,郝康屋烘焙坊,高雄市楠梓區宏毅二路52號
110年秋季班 ( 含暑假班 ),高雄市,高雄市第一社區大學,Book思藝生活美學教室,高雄市同慶路108號3樓
110年秋季班 ( 含暑假班 ),高雄市,高雄市第一社區大學,心路學苑,高雄市三民區博愛一路372號5樓
110年秋季班 ( 含暑假班 ),高雄市,高雄市第一社區大學,林裕銘工作室,高雄市仁武區永仁街646號
110年秋季班 ( 含暑假班 ),高雄市,高雄市第一社區大學,和平國小社區多功能教室,高雄市岡山區和平路1號
110年秋季班 ( 含暑假班 ),高雄市,高雄市第一社區大學,小港農場,高雄市小港區孔鳳路455巷
110年秋季班 ( 含暑假班 ),高雄市,高雄市第一社區大學,社大草衙藝術基地,高雄市前鎮區德昌路345號
110年秋季班 ( 含暑假班 ),高雄市,高雄市第一社區大學,旗津社會開創基地,高雄市旗津區北汕尾巷6號
110年秋季班 ( 含暑假班 ),高雄市,高雄市第一社區大學,洛斯特咖啡,高雄市新興區七賢二路90號
110年秋季班 ( 含暑假班 ),高雄市,高雄市第一社區大學,高雄文學館,高雄市前金區民生二路39號
110年秋季班 ( 含暑假班 ),高雄市,高雄市第一社區大學,梁冠英工作室,高雄市苓雅區青年二路186號
110年秋季班 ( 含暑假班 ),高雄市,高雄市第一社區大學,建軍跨域基地,高雄市苓雅區建軍路2號
110年秋季班 ( 含暑假班 ),高雄市,高雄市第一社區大學,等閑書房,高雄市苓雅區福壽街136號
110年秋季班 ( 含暑假班 ),高雄市,高雄市港都社區大學,校本部,高雄市三民區博愛一路289號
110年秋季班 ( 含暑假班 ),高雄市,高雄市港都社區大學,新惠豐協會,高雄市楠梓區惠春街190號
110年秋季班 ( 含暑假班 ),高雄市,高雄市港都社區大學,昱禾樂食農創作廚房,高雄市興糖區3巷3號
110年秋季班 ( 含暑假班 ),高雄市,高雄市港都社區大學,簡愛咖啡,高雄市鼓山區河川街76巷6弄2號
110年秋季班 ( 含暑假班 ),高雄市,高雄市港都社區大學,鳳凰藝術發展協會-教室,高雄市左營區文川路433號
110年秋季班 ( 含暑假班 ),高雄市,高雄市港都社區大學,高雄市立圖書館-左新圖書館,高雄市左營區博愛三路453號
110年秋季班 ( 含暑假班 ),高雄市,高雄市港都社區大學,科工館戶外場地,高雄市三民區九如一路720號
110年秋季班 ( 含暑假班 ),高雄市,高雄市港都社區大學,寶珠溝里活動中心,高雄市三民區壽昌路2號
110年秋季班 ( 含暑假班 ),高雄市,高雄市港都社區大學,育祥工作室,高雄市三民區光武路72號
110年秋季班 ( 含暑假班 ),高雄市,高雄市港都社區大學,中央公園廣場,捷運站中央公園1號出口廣場
110年秋季班 ( 含暑假班 ),高雄市,高雄市港都社區大學,高雄市立圖書館-寶珠分館,高雄市三民區大順二路468號4樓
110年秋季班 ( 含暑假班 ),高雄市,高雄市港都社區大學,高雄市立圖書館-三民分館,高雄市三民區十全一路220號
110年秋季班 ( 含暑假班 ),高雄市,高雄市港都社區大學,三民游泳池,高雄市三民區自由一路50號
110年秋季班 ( 含暑假班 ),高雄市,高雄市港都社區大學,福山國中,高雄市左營區重信路215號
110年秋季班 ( 含暑假班 ),高雄市,高雄市港都社區大學,心路基金會,高雄市三民區博愛一路372號5樓
110年秋季班 ( 含暑假班 ),高雄市,高雄市港都社區大學,遊藝茶陶工作室,高雄市三民區建和街75號
110年秋季班 ( 含暑假班 ),高雄市,高雄市港都社區大學,昱禾樂橋頭農場,高雄市橋頭區橋頭火車站1號出口
110年秋季班 ( 含暑假班 ),高雄市,高雄市港都社區大學,魚菜共生農場,高雄市仁武區澄新四街28號
110年秋季班 ( 含暑假班 ),高雄市,高雄市港都社區大學,右昌國中,高雄市楠梓區盛昌街161號
110年秋季班 ( 含暑假班 ),高雄市,高雄市港都社區大學,左營國中,高雄市左營區曾子路281號
110年秋季班 ( 含暑假班 ),高雄市,高雄市港都社區大學,凹子底廣場,高雄市捷運凹子底4號出口
110年秋季班 ( 含暑假班 ),高雄市,高雄市港都社區大學,SBG教室,高雄市左營區重立路158號
110年秋季班 ( 含暑假班 ),高雄市,高雄市港都社區大學,三民高中,高雄市三民區金鼎路81號
110年秋季班 ( 含暑假班 ),高雄市,高雄市港都社區大學,陽明國中,高雄市三民區義華路166號
110年秋季班 ( 含暑假班 ),高雄市,高雄市港都社區大學,安宜里活動中心,高雄市三民區自立一路535號
110年秋季班 ( 含暑假班 ),高雄市,高雄市港都社區大學,綠色協會,高雄市三民區博愛一路70號8樓之2
110年秋季班 ( 含暑假班 ),高雄市,高雄市港都社區大學,萬福中華聖母堂,高雄市鼓山區中華一路25號
110年秋季班 ( 含暑假班 ),高雄市,高雄市港都社區大學,龍子里活動中心,高雄市鼓山區中華一路2133巷47號
110年秋季班 ( 含暑假班 ),高雄市,高雄市港都社區大學,武德殿,高雄市鼓山區登山街36號
110年秋季班 ( 含暑假班 ),高雄市,高雄市岡山社區大學,校本部,高雄市岡山區柳橋東路36號
110年秋季班 ( 含暑假班 ),高雄市,高雄市岡山社區大學,程香社區活動中心,高雄市岡山區華園二路15號
110年秋季班 ( 含暑假班 ),高雄市,高雄市岡山社區大學,路竹高中,高雄市路竹區中華路292號
110年秋季班 ( 含暑假班 ),高雄市,高雄市岡山社區大學,高雄市立圖書館路竹分館,高雄市路竹區國昌路86巷9號
110年秋季班 ( 含暑假班 ),高雄市,高雄市岡山社區大學,音弦坊音樂教室,高雄市路竹區國昌路128號
110年秋季班 ( 含暑假班 ),高雄市,高雄市岡山社區大學,阿蓮老人活動中心,高雄市阿蓮區成功街66號
110年秋季班 ( 含暑假班 ),高雄市,高雄市岡山社區大學,湖內區公館社區活動中心,高雄市湖內區中正路一段53巷1號
110年秋季班 ( 含暑假班 ),高雄市,高雄市岡山社區大學,高雄市立圖書館彌陀公園分館,高雄市彌陀區中正路281巷50號
110年秋季班 ( 含暑假班 ),高雄市,高雄市岡山社區大學,古亭社區活動中心,高雄市田寮區古亭路廟後巷1號
110年秋季班 ( 含暑假班 ),高雄市,高雄市岡山社區大學,田寮斗姥廟,高雄市田寮區七星路68之50號
110年秋季班 ( 含暑假班 ),高雄市,高雄市岡山社區大學,永安漁會,高雄市永安區新興路27之2號
110年秋季班 ( 含暑假班 ),高雄市,高雄市岡山社區大學,蔣老師音樂教室,高雄市梓官區和平路265號
110年秋季班 ( 含暑假班 ),高雄市,高雄市岡山社區大學,笑咪咪關懷協會,高雄市岡山區文化街4號
110年秋季班 ( 含暑假班 ),高雄市,高雄市岡山社區大學,303巷花藝教室,高雄市岡山區岡山路303巷36號
110年秋季班 ( 含暑假班 ),高雄市,高雄市岡山社區大學,和平國小,高雄市岡山區和平路1號
110年秋季班 ( 含暑假班 ),高雄市,高雄市岡山社區大學,美加美烘焙坊,高雄市岡山區大仁路105號
110年秋季班 ( 含暑假班 ),高雄市,高雄市岡山社區大學,凡穀創藝工坊,高雄市岡山區公園西路三段134號2樓
110年秋季班 ( 含暑假班 ),高雄市,高雄市岡山社區大學,花仙子手藝坊,高雄市岡山區岡山路323巷15號
110年秋季班 ( 含暑假班 ),高雄市,高雄市鳳山社區大學,校本部,高雄市鳳山區光復路一段120巷8號(中山國小內)
110年秋季班 ( 含暑假班 ),高雄市,高雄市鳳山社區大學,大寮老人活動中心,高雄市大寮區光明路三段1257巷51號
110年秋季班 ( 含暑假班 ),高雄市,高雄市鳳山社區大學,山仔頂教室,高雄市大寮區力行路88-1號
110年秋季班 ( 含暑假班 ),高雄市,高雄市鳳山社區大學,心福田自然栽培園,高雄市鳥松區大同路23-5號
110年秋季班 ( 含暑假班 ),高雄市,高雄市鳳山社區大學,?埔自然園地,高雄市鳥松區?埔路4巷10號
110年秋季班 ( 含暑假班 ),高雄市,高雄市鳳山社區大學,微熟成音創基地,高雄市大樹區久堂路140號3樓
110年秋季班 ( 含暑假班 ),高雄市,高雄市鳳山社區大學,久堂里活動中心,高雄市大樹區久堂路97號
110年秋季班 ( 含暑假班 ),高雄市,高雄市鳳山社區大學,大樹圖書二館,高雄市大樹區久堂路97之1號
110年秋季班 ( 含暑假班 ),高雄市,高雄市鳳山社區大學,忠孝國小,高雄市鳳山區新富路630路
110年秋季班 ( 含暑假班 ),高雄市,高雄市鳳山社區大學,五甲國中,高雄市鳳山區龍成路111號
110年秋季班 ( 含暑假班 ),高雄市,高雄市鳳山社區大學,大東藝術圖書館2樓,高雄市鳳山區光遠路161號
110年秋季班 ( 含暑假班 ),高雄市,高雄市鳳山社區大學,大東藝文教室A,高雄市鳳山區光遠路161號
110年秋季班 ( 含暑假班 ),高雄市,高雄市鳳山社區大學,大德教室,高雄市鳳山區大德街82號
110年秋季班 ( 含暑假班 ),高雄市,高雄市鳳山社區大學,文山國小,高雄市鳳山區鳳松路25巷20號
110年秋季班 ( 含暑假班 ),高雄市,高雄市鳳山社區大學,放木創作工坊,高雄市鳳山區鳳仁路156-1號
110年秋季班 ( 含暑假班 ),高雄市,高雄市鳳山社區大學,海軍明德訓練班,高雄市鳳山區勝利路10號
110年秋季班 ( 含暑假班 ),高雄市,高雄市鳳山社區大學,中正215教室,高雄市鳳山區中正路215號
110年秋季班 ( 含暑假班 ),高雄市,高雄市鳳山社區大學,高雄市婦幼青少年中心,高雄市鳳山區光復路二段120號
110年秋季班 ( 含暑假班 ),高雄市,高雄市鎮港園社區大學,校本部,高雄市前鎮區民權二路331號3樓
110年秋季班 ( 含暑假班 ),高雄市,高雄市鎮港園社區大學,小港行動學習中心,高雄市小港區營口路1號
110年秋季班 ( 含暑假班 ),高雄市,高雄市鎮港園社區大學,力邁斯健身運動廣場-林園館,832高雄市林園區仁愛路36號
110年秋季班 ( 含暑假班 ),高雄市,高雄市鎮港園社區大學,高雄市立圖書館草衙分館,高雄市前鎮區新衙路17號
110年秋季班 ( 含暑假班 ),高雄市,高雄市鎮港園社區大學,高雄市銀髮族市民農園,高雄市前鎮區衙信二街
110年秋季班 ( 含暑假班 ),高雄市,高雄市鎮港園社區大學,高雄市立前鎮國民中學,高雄市前鎮區新衙路17號
110年秋季班 ( 含暑假班 ),高雄市,高雄市鎮港園社區大學,林園國小,高雄市林園區忠孝西路20號
110年秋季班 ( 含暑假班 ),高雄市,高雄市鎮港園社區大學,林園高中,高雄市林園區林園北路481號
110年秋季班 ( 含暑假班 ),高雄市,高雄市鎮港園社區大學,卡里歐麵包坊,高雄市林園區林園北路438號
110年秋季班 ( 含暑假班 ),高雄市,高雄市鎮港園社區大學,羅老師瑜珈教室,高雄市林園區信義路63號3樓
110年秋季班 ( 含暑假班 ),高雄市,高雄市鎮港園社區大學,陶自繪館,高雄市林園區信義路69巷40號
110年秋季班 ( 含暑假班 ),高雄市,高雄市鎮港園社區大學,Let's Go樂咖運動館,高雄市林園區鳳林路一段220號3F
110年秋季班 ( 含暑假班 ),高雄市,高雄市鎮港園社區大學,瑀熙拉丁藝術舞團,高雄市小港區康莊路67號2樓
110年秋季班 ( 含暑假班 ),高雄市,高雄市鎮港園社區大學, 布?屋拼布教室,"高雄市小港區平治街46號	"
110年秋季班 ( 含暑假班 ),高雄市,高雄市鎮港園社區大學,戀舞工作室,高雄市高雄市小港區平治街42號
110年秋季班 ( 含暑假班 ),高雄市,高雄市鎮港園社區大學,高雄公園老人活動中心,高雄市小港區中山四路29號
110年秋季班 ( 含暑假班 ),高雄市,高雄市鎮港園社區大學,悠靜空間精品咖啡館,高雄市林園區仁愛路265號
110年秋季班 ( 含暑假班 ),高雄市,高雄市鎮港園社區大學,市立圖書館林園分館,高雄市林園區林園北路236號
110年秋季班 ( 含暑假班 ),高雄市,高雄市鎮港園社區大學,歐克佬精品咖啡,高雄市前鎮區中山二路13號
110年秋季班 ( 含暑假班 ),高雄市,高雄市鎮港園社區大學,市立圖書館前鎮分館,高雄市前鎮區保泰路303號5樓
110年秋季班 ( 含暑假班 ),高雄市,高雄市鎮港園社區大學,幸福童愛館,高雄市前鎮區同安路120號
110年秋季班 ( 含暑假班 ),高雄市,高雄市鎮港園社區大學,花栗手作烘焙教室,高雄市前鎮區南寧街167號
110年秋季班 ( 含暑假班 ),高雄市,高雄市鎮港園社區大學,竹西里活動中心,高雄市前鎮區廣東三街73號3樓
110年秋季班 ( 含暑假班 ),高雄市,高雄市鎮港園社區大學,捷運獅甲站教室,高雄市前鎮區中山三路150號B1(近1號出口)
110年秋季班 ( 含暑假班 ),高雄市,高雄市北高雄社區大學,後勁國小,高雄市楠梓區加昌路216號
110年秋季班 ( 含暑假班 ),高雄市,高雄市北高雄社區大學,後勁國中,高雄市楠梓區加昌路180號
110年秋季班 ( 含暑假班 ),高雄市,高雄市北高雄社區大學,橋頭圖書館,高雄市橋頭區隆豐路7號
110年秋季班 ( 含暑假班 ),高雄市,高雄市北高雄社區大學,秝玨教室,高雄市仁武區仁林路35號
110年秋季班 ( 含暑假班 ),高雄市,高雄市北高雄社區大學,多野樂旅店,高雄市楠梓區興楠路385號3樓
110年秋季班 ( 含暑假班 ),高雄市,高雄市北高雄社區大學,楠梓長春藤幼兒園,高雄市楠梓區德賢路380巷26號
110年秋季班 ( 含暑假班 ),高雄市,高雄市北高雄社區大學,楠梓農場,高雄市楠梓區(楠梓新路及朝新路交叉口斜角進去到底，竣豐環保有限公司隔壁)
110年秋季班 ( 含暑假班 ),高雄市,高雄市北高雄社區大學,楠梓代天府,高雄市楠梓區楠梓西巷45-1號
110年秋季班 ( 含暑假班 ),高雄市,高雄市北高雄社區大學,廣昌等四里聯合活動中心,高雄市楠梓區廣昌街175巷37號
110年秋季班 ( 含暑假班 ),高雄市,高雄市北高雄社區大學,大社分班,高雄市大社區大社路116號
110年秋季班 ( 含暑假班 ),高雄市,高雄市北高雄社區大學,大社保安里活動中心,高雄市大社區大社路87-3號
110年秋季班 ( 含暑假班 ),高雄市,高雄市北高雄社區大學,楠梓坑圖書館,高雄市楠梓區楠梓路262號(大門在楠梓派出所旁旗楠路上)
110年秋季班 ( 含暑假班 ),高雄市,高雄市北高雄社區大學,橋八文創天地,高雄市橋頭區興糖路3號
110年秋季班 ( 含暑假班 ),高雄市,高雄市北高雄社區大學,慕嵐手作坊,高雄市仁武區霞海路358號
110年秋季班 ( 含暑假班 ),高雄市,高雄市北高雄社區大學,邁爾斯肌地 Miles Fitness,高雄市楠梓區旗楠路122號
110年秋季班 ( 含暑假班 ),高雄市,高雄市北高雄社區大學,楠梓國小,高雄市楠梓區楠梓路262號
110年秋季班 ( 含暑假班 ),高雄市,高雄市北高雄社區大學,燕巢國中,高雄市燕巢區中興路267號
110年秋季班 ( 含暑假班 ),高雄市,高雄市北高雄社區大學,台灣羅馬字協會(仁武分會),高雄市仁武區八德西路1658號
110年秋季班 ( 含暑假班 ),高雄市,高雄市北高雄社區大學,享愛 Share Love 烘焙手作藝文空間,高雄市楠梓區青田街58號1 樓
110年秋季班 ( 含暑假班 ),高雄市,高雄市北高雄社區大學,楠梓坑辦公室,高雄市楠梓區楠梓東街23號
110年秋季班 ( 含暑假班 ),高雄市,高雄市北高雄社區大學,國昌國中,高雄市楠梓區德民路1010號
110年秋季班 ( 含暑假班 ),高雄市,高雄市北高雄社區大學,土庫分班,高雄市楠梓區土庫路81號
110年秋季班 ( 含暑假班 ),屏東縣,屏東縣屏北區社區大學,校本部,屏東市北興里公裕街300號
110年秋季班 ( 含暑假班 ),屏東縣,屏東縣屏北區社區大學,高樹鄉高樹國小,屏東縣高樹鄉華光路32號
110年秋季班 ( 含暑假班 ),屏東縣,屏東縣屏北區社區大學,陳光輝老師工作室,屏東縣內埔鄉科大路一段36號
110年秋季班 ( 含暑假班 ),屏東縣,屏東縣屏北區社區大學,內埔鄉福泉社區活動中心,屏東縣內埔鄉大同路二段福泉路120號
110年秋季班 ( 含暑假班 ),屏東縣,屏東縣屏北區社區大學,內埔鄉內埔國小,屏東縣內埔鄉廣濟路2號
110年秋季班 ( 含暑假班 ),屏東縣,屏東縣屏北區社區大學,鹽埔鄉鹽埔國小,屏東縣鹽埔鄉光復路90號
110年秋季班 ( 含暑假班 ),屏東縣,屏東縣屏北區社區大學,莊竣惟老師工作室,屏東縣里港鄉瀰力村榮發藝術工坊窯場
110年秋季班 ( 含暑假班 ),屏東縣,屏東縣屏北區社區大學,九如鄉九如國小,屏東縣九如鄉九如路二段3-1號
110年秋季班 ( 含暑假班 ),屏東縣,屏東縣屏北區社區大學,竹田驛園釀造物產館,屏東縣竹田鄉豐明路23號
110年秋季班 ( 含暑假班 ),屏東縣,屏東縣屏北區社區大學,衛服部屏東醫院安寧病房,屏東市自由路270號
110年秋季班 ( 含暑假班 ),屏東縣,屏東縣屏北區社區大學,安提瓜咖啡,屏東市民貴二街56號
110年秋季班 ( 含暑假班 ),屏東縣,屏東縣屏北區社區大學,保師傅廚房,屏東市公義街17號
110年秋季班 ( 含暑假班 ),屏東縣,屏東縣屏北區社區大學,屏東家扶潮州服務處,屏東縣潮州鎮文化路226號
110年秋季班 ( 含暑假班 ),屏東縣,屏東縣屏北區社區大學,香潭幼兒園,屏東縣長治鄉潭頭村合興路13-5號
110年秋季班 ( 含暑假班 ),屏東縣,屏東縣屏北區社區大學,學正幼兒園,屏東市建豐路84巷8號
110年秋季班 ( 含暑假班 ),屏東縣,屏東縣屏北區社區大學,明?健康生活學苑,屏東市中山路58號
110年秋季班 ( 含暑假班 ),屏東縣,屏東縣屏北區社區大學,屏東市中正社區發展協會,屏東市莊敬街二段13號
110年秋季班 ( 含暑假班 ),屏東縣,屏東縣屏北區社區大學,萬巒鄉萬巒國小,屏東縣萬巒鄉萬全村褒忠路28號
110年秋季班 ( 含暑假班 ),屏東縣,屏東縣屏北區社區大學,潮州鎮信義廣播中心,屏東縣潮州鎮三林路186號
110年秋季班 ( 含暑假班 ),屏東縣,屏東縣屏北區社區大學,潮州鎮潮州瑜珈教室,屏東縣潮州鎮西市路33號2樓
110年秋季班 ( 含暑假班 ),屏東縣,屏東縣屏北區社區大學,潮州鎮光春國小,屏東縣潮州鎮志成路201號
110年秋季班 ( 含暑假班 ),屏東縣,屏東縣屏北區社區大學,潮州鎮葉泉力書法教室,屏東縣潮州鎮連興路21號
110年秋季班 ( 含暑假班 ),屏東縣,屏東縣屏北區社區大學,潮州鎮潮州國中,屏東縣潮州鎮文化路66號
110年秋季班 ( 含暑假班 ),屏東縣,屏東縣屏北區社區大學,竹田鄉竹田國中,屏東縣竹田鄉西勢村龍南路26號
110年秋季班 ( 含暑假班 ),屏東縣,屏東縣屏北區社區大學,鹽埔鄉李秀玉老師工作室,屏東縣鹽埔鄉新二村彭厝路64號
110年秋季班 ( 含暑假班 ),屏東縣,屏東縣屏北區社區大學,崁頂學習點,屏東縣崁頂鄉洲子村光復路15之12號
110年秋季班 ( 含暑假班 ),屏東縣,屏東縣屏北區社區大學, 萬丹鄉泉之鄉生活文化館,屏東縣萬丹鄉水泉村泉利街95號
110年秋季班 ( 含暑假班 ),屏東縣,屏東縣屏北區社區大學,萬丹鄉水泉村社區活動中心,屏東縣萬丹鄉水泉興路與丹榮路口
110年秋季班 ( 含暑假班 ),屏東縣,屏東縣屏北區社區大學,內埔鄉東寧村活動中心,屏東縣內埔鄉東寧村民善路3號
110年秋季班 ( 含暑假班 ),屏東縣,屏東縣屏北區社區大學,氣機導引屏東會館,屏東縣長治鄉長興路401-1號
110年秋季班 ( 含暑假班 ),屏東縣,屏東縣屏北區社區大學,吳茂昌老師工作室,屏東縣里港鄉玉田村玉田路42-9號
110年秋季班 ( 含暑假班 ),屏東縣,屏東縣屏北區社區大學,里港鄉鐵店社區活動中心,屏東縣里港鄉鐵店村鐵店路41-46號
110年秋季班 ( 含暑假班 ),屏東縣,屏東縣屏北區社區大學,里港鄉永春社區活動中心,屏東縣里港鄉永春村民生路24-2號
110年秋季班 ( 含暑假班 ),屏東縣,屏東縣屏北區社區大學,里港鄉里港國小,屏東縣里港鄉過江村過江路41號
110年秋季班 ( 含暑假班 ),屏東縣,屏東縣屏北區社區大學,九如鄉立圖書館,屏東縣九如鄉九如路二段264號
110年秋季班 ( 含暑假班 ),屏東縣,屏東縣屏北區社區大學,九如鄉後庄代天府,屏東縣九如鄉後庄村後庄路68號
110年秋季班 ( 含暑假班 ),屏東縣,屏東縣屏南區社區大學,恆春校本部,屏東縣恆春鎮恆南路158號
110年秋季班 ( 含暑假班 ),屏東縣,屏東縣屏南區社區大學,東港分校,屏東縣東港鎮中正路一段10號
110年秋季班 ( 含暑假班 ),屏東縣,屏東縣屏南區社區大學,小琉球分班,屏東縣琉球鄉中山路49之16號
110年秋季班 ( 含暑假班 ),屏東縣,屏東縣屏南區社區大學,新園分班,屏東縣新園鄉興清路50號
110年秋季班 ( 含暑假班 ),屏東縣,屏東縣屏南區社區大學,枋寮分班,屏東縣枋寮鄉德興路33號
110年秋季班 ( 含暑假班 ),屏東縣,屏東縣屏南區社區大學,林邊分班,屏東縣林邊鄉中山路417號
110年秋季班 ( 含暑假班 ),屏東縣,屏東縣屏南區社區大學,新埤分班,屏東縣新埤鄉東興路138號
110年秋季班 ( 含暑假班 ),屏東縣,屏東縣屏南區社區大學,佳冬分班,屏東縣佳冬鄉進學街150號
110年秋季班 ( 含暑假班 ),宜蘭縣,宜蘭縣宜蘭社區大學,校本部,宜蘭縣宜蘭市復興路2段77號
110年秋季班 ( 含暑假班 ),宜蘭縣,宜蘭縣宜蘭社區大學,礁溪分班,宜蘭縣礁溪鄉中山路一段326號
110年秋季班 ( 含暑假班 ),宜蘭縣,宜蘭縣宜蘭社區大學,結頭份社區活動中心,員山鄉永同路二段186號
110年秋季班 ( 含暑假班 ),宜蘭縣,宜蘭縣宜蘭社區大學,頭城喚醒堂,頭城鎮纘祥路39號
110年秋季班 ( 含暑假班 ),宜蘭縣,宜蘭縣羅東社區大學,校本部,宜蘭縣羅東鎮興東南路201號
110年秋季班 ( 含暑假班 ),宜蘭縣,宜蘭縣羅東社區大學,蘇澳鎮蘇澳分班,宜蘭縣蘇澳鎮隘丁路36號
110年秋季班 ( 含暑假班 ),宜蘭縣,宜蘭縣羅東社區大學,五結鄉傳藝分班,宜蘭縣五結鄉五濱路二段201號
110年秋季班 ( 含暑假班 ),宜蘭縣,宜蘭縣羅東社區大學,冬山鄉清溝分班,宜蘭縣冬山鄉光明路55號
110年秋季班 ( 含暑假班 ),宜蘭縣,宜蘭縣羅東社區大學,二結王公廟分班,宜蘭縣五結鄉舊街二路88號
110年秋季班 ( 含暑假班 ),宜蘭縣,宜蘭縣羅東社區大學,蘇澳鎮長安分班,宜蘭縣蘇澳鎮勝利路1號
110年秋季班 ( 含暑假班 ),花蓮縣,花蓮縣社區大學,校本部,花蓮縣花蓮市林政街7號
110年秋季班 ( 含暑假班 ),花蓮縣,花蓮縣社區大學,花蓮縣社區大學中南區/玉里分班,花蓮縣玉里鎮民生街52巷13號
110年秋季班 ( 含暑假班 ),臺東縣,臺東縣臺東社區大學,校本部,臺東縣臺東市中華路一段684號教學大樓1F原發中心
110年秋季班 ( 含暑假班 ),澎湖縣,澎湖縣澎湖社區大學,校本部,澎湖縣馬公市東文里文學路285號
110年秋季班 ( 含暑假班 ),金門縣,金門縣金門社區大學,校本部,金門縣金城鎮西海路三段81巷2號
